date,day_of_week,meal_type,is_holiday,special_event,weather,expected_people,actual_people,quantity_prepared_kg,quantity_consumed_kg,leftover_kg,menu_type,food_category
2025-01-01,Wednesday,dinner,1,0,cloudy,57,65,25.51,20.76,4.75,standard,vegetables
2025-01-02,Thursday,lunch,0,0,cloudy,124,121,62.39,55.49,6.9,standard,vegetables
2025-01-03,Friday,dinner,0,0,cloudy,80,99,33.71,27.01,6.69,vegetarian,grains
2025-01-04,Saturday,dinner,0,0,rainy,87,92,39.93,35.66,4.27,standard,meat
2025-01-05,Sunday,breakfast,0,0,rainy,68,79,27.81,22.77,5.04,seasonal,mixed
2025-01-06,Monday,dinner,0,0,sunny,106,80,44.16,34.51,9.65,standard,dairy
2025-01-07,Tuesday,dinner,0,0,cloudy,94,93,41.27,33.92,7.35,standard,vegetables
2025-01-08,Wednesday,dinner,0,0,sunny,111,116,51.95,41.89,10.06,standard,meat
2025-01-09,Thursday,breakfast,0,0,sunny,66,69,24.54,21.9,2.64,standard,vegetables
2025-01-10,Friday,lunch,0,0,rainy,130,142,66.38,53.51,12.87,standard,meat
2025-01-11,Saturday,lunch,0,0,cloudy,136,132,72.18,61.38,10.81,vegetarian,meat
2025-01-12,Sunday,dinner,0,0,rainy,100,101,46.84,40.15,6.69,standard,dairy
2025-01-13,Monday,lunch,0,0,sunny,110,124,55.09,46.44,8.65,vegetarian,meat
2025-01-14,Tuesday,dinner,0,0,cloudy,107,80,52.58,43.15,9.42,premium,mixed
2025-01-15,Wednesday,lunch,0,0,sunny,116,123,51.54,42.14,9.4,vegetarian,vegetables
2025-01-16,Thursday,breakfast,0,0,sunny,55,51,16.66,13.52,3.13,vegetarian,grains
2025-01-17,Friday,lunch,0,0,sunny,135,124,69.64,62.44,7.2,standard,vegetables
2025-01-18,Saturday,breakfast,0,0,cloudy,89,93,32.37,28.79,3.59,standard,meat
2025-01-19,Sunday,dinner,0,0,sunny,124,139,57.01,48.75,8.26,standard,meat
2025-01-20,Monday,lunch,0,0,rainy,107,119,52.86,42.93,9.92,seasonal,meat
2025-01-21,Tuesday,dinner,0,0,sunny,90,88,36.68,31.05,5.62,vegetarian,dairy
2025-01-22,Wednesday,lunch,0,0,sunny,125,136,61.96,53.41,8.55,standard,vegetables
2025-01-23,Thursday,dinner,0,0,cloudy,96,106,45.37,38.3,7.07,standard,dairy
2025-01-24,Friday,dinner,0,0,sunny,115,114,60.02,51.77,8.26,premium,dairy
2025-01-25,Saturday,dinner,0,0,rainy,98,90,38.14,29.6,8.54,vegetarian,vegetables
2025-01-26,Sunday,breakfast,0,1,cloudy,121,118,41.01,34.14,6.87,vegetarian,vegetables
2025-01-27,Monday,lunch,0,0,sunny,140,150,75.05,64.95,10.1,premium,grains
2025-01-28,Tuesday,breakfast,0,0,cloudy,53,52,18.37,13.84,4.52,vegetarian,vegetables
2025-01-29,Wednesday,breakfast,0,0,cloudy,62,49,19.26,17.27,2.0,vegetarian,dairy
2025-01-30,Thursday,dinner,0,0,cloudy,104,84,51.5,42.93,8.57,standard,mixed
2025-01-31,Friday,dinner,0,0,rainy,96,106,41.95,31.99,9.96,standard,meat
2025-02-01,Saturday,dinner,0,0,cloudy,119,112,54.09,45.83,8.25,seasonal,vegetables
2025-02-02,Sunday,lunch,0,0,cloudy,135,139,65.27,53.16,12.11,vegetarian,dairy
2025-02-03,Monday,lunch,0,0,sunny,123,138,58.88,51.79,7.09,standard,dairy
2025-02-04,Tuesday,lunch,0,0,cloudy,120,104,56.18,46.66,9.52,vegetarian,vegetables
2025-02-05,Wednesday,breakfast,0,0,rainy,63,62,21.25,20.18,1.07,standard,mixed
2025-02-06,Thursday,breakfast,0,0,cloudy,71,69,26.86,24.39,2.46,premium,grains
2025-02-07,Friday,lunch,0,0,cloudy,124,129,60.68,50.23,10.45,standard,grains
2025-02-08,Saturday,breakfast,0,0,sunny,93,108,40.54,31.91,8.63,premium,grains
2025-02-09,Sunday,dinner,0,0,cloudy,102,86,41.04,33.23,7.81,vegetarian,grains
2025-02-10,Monday,lunch,0,0,rainy,109,116,56.2,44.57,11.63,standard,mixed
2025-02-11,Tuesday,dinner,0,0,sunny,96,108,44.14,40.68,3.46,standard,vegetables
2025-02-12,Wednesday,dinner,0,0,sunny,117,115,54.31,46.06,8.25,premium,vegetables
2025-02-13,Thursday,lunch,0,0,cloudy,118,116,60.56,52.78,7.78,standard,vegetables
2025-02-14,Friday,dinner,0,0,sunny,95,100,38.51,32.46,6.05,standard,vegetables
2025-02-15,Saturday,dinner,0,0,cloudy,111,115,57.38,48.69,8.69,premium,vegetables
2025-02-16,Sunday,lunch,0,0,sunny,151,158,73.98,63.25,10.73,standard,grains
2025-02-17,Monday,lunch,0,0,sunny,136,143,68.03,59.86,8.16,standard,dairy
2025-02-18,Tuesday,dinner,0,0,cloudy,103,91,42.47,36.16,6.31,standard,grains
2025-02-19,Wednesday,breakfast,0,0,cloudy,70,82,28.37,22.8,5.57,premium,dairy
2025-02-20,Thursday,breakfast,0,0,cloudy,65,79,25.53,24.42,1.11,standard,vegetables
2025-02-21,Friday,breakfast,0,0,cloudy,59,61,18.23,15.08,3.14,standard,dairy
2025-02-22,Saturday,dinner,0,0,cloudy,114,96,49.48,40.66,8.82,standard,mixed
2025-02-23,Sunday,dinner,0,0,cloudy,113,112,52.21,40.1,12.12,standard,grains
2025-02-24,Monday,dinner,0,0,cloudy,90,92,41.94,36.67,5.27,standard,grains
2025-02-25,Tuesday,dinner,0,0,cloudy,91,77,33.65,28.38,5.27,standard,mixed
2025-02-26,Wednesday,lunch,0,0,cloudy,124,120,68.05,57.77,10.27,standard,meat
2025-02-27,Thursday,lunch,0,0,sunny,123,106,63.09,52.16,10.93,standard,meat
2025-02-28,Friday,breakfast,0,0,sunny,71,78,30.49,25.23,5.27,premium,grains
2025-03-01,Saturday,breakfast,0,1,cloudy,124,131,42.97,37.07,5.9,standard,vegetables
2025-03-02,Sunday,dinner,0,0,rainy,122,102,49.33,40.36,8.97,standard,meat
2025-03-03,Monday,lunch,0,0,cloudy,110,114,57.02,49.61,7.41,seasonal,mixed
2025-03-04,Tuesday,lunch,0,0,sunny,123,122,65.95,55.66,10.29,premium,vegetables
2025-03-05,Wednesday,dinner,0,0,cloudy,77,83,33.97,30.46,3.51,vegetarian,dairy
2025-03-06,Thursday,lunch,0,0,sunny,124,119,61.34,51.78,9.57,standard,dairy
2025-03-07,Friday,lunch,0,0,cloudy,127,117,64.21,53.31,10.9,standard,grains
2025-03-08,Saturday,lunch,0,0,rainy,135,126,65.18,53.27,11.9,standard,vegetables
2025-03-09,Sunday,lunch,0,1,cloudy,171,170,88.09,74.53,13.56,standard,vegetables
2025-03-10,Monday,breakfast,0,0,cloudy,64,64,18.83,16.36,2.48,standard,vegetables
2025-03-11,Tuesday,lunch,0,0,sunny,114,116,60.32,49.05,11.26,vegetarian,meat
2025-03-12,Wednesday,breakfast,0,1,sunny,93,96,39.26,32.71,6.55,standard,vegetables
2025-03-13,Thursday,lunch,0,0,rainy,105,100,54.25,41.24,13.01,vegetarian,vegetables
2025-03-14,Friday,dinner,0,0,cloudy,77,73,38.48,32.32,6.16,standard,dairy
2025-03-15,Saturday,breakfast,0,0,cloudy,71,101,24.6,23.91,0.68,standard,meat
2025-03-16,Sunday,breakfast,0,0,sunny,84,75,37.1,31.09,6.01,premium,meat
2025-03-17,Monday,lunch,0,0,sunny,139,132,76.16,65.28,10.89,premium,meat
2025-03-18,Tuesday,lunch,0,0,sunny,127,167,58.84,55.42,3.41,standard,vegetables
2025-03-19,Wednesday,dinner,0,0,sunny,95,100,44.41,38.53,5.88,vegetarian,dairy
2025-03-20,Thursday,lunch,0,0,sunny,110,93,58.39,47.69,10.7,standard,vegetables
2025-03-21,Friday,dinner,0,0,rainy,68,78,30.51,24.32,6.19,standard,vegetables
2025-03-22,Saturday,dinner,0,0,cloudy,123,112,57.82,48.64,9.18,premium,grains
2025-03-23,Sunday,lunch,0,0,sunny,123,134,59.74,50.36,9.38,standard,meat
2025-03-24,Monday,dinner,0,0,sunny,105,102,41.79,34.58,7.21,standard,meat
2025-03-25,Tuesday,breakfast,0,0,sunny,50,45,20.34,18.68,1.65,standard,vegetables
2025-03-26,Wednesday,breakfast,0,0,rainy,57,76,15.14,14.18,0.96,standard,mixed
2025-03-27,Thursday,breakfast,0,0,sunny,58,65,21.16,15.63,5.53,standard,mixed
2025-03-28,Friday,dinner,0,0,cloudy,98,110,41.57,34.51,7.06,standard,grains
2025-03-29,Saturday,lunch,0,0,rainy,156,161,73.72,60.05,13.67,seasonal,dairy
2025-03-30,Sunday,breakfast,0,0,sunny,62,57,20.56,18.29,2.27,vegetarian,vegetables
2025-03-31,Monday,lunch,0,0,cloudy,126,133,62.0,54.76,7.24,standard,mixed
2025-04-01,Tuesday,breakfast,0,0,rainy,36,51,15.11,15.11,0.0,standard,vegetables
2025-04-02,Wednesday,dinner,0,0,sunny,93,95,35.26,29.33,5.93,vegetarian,vegetables
2025-04-03,Thursday,lunch,0,0,sunny,123,145,59.23,50.76,8.47,standard,vegetables
2025-04-04,Friday,lunch,0,0,rainy,106,116,42.66,36.2,6.45,vegetarian,vegetables
2025-04-05,Saturday,lunch,0,0,rainy,131,134,65.5,52.84,12.66,premium,dairy
2025-04-06,Sunday,lunch,0,0,cloudy,146,149,78.39,66.61,11.78,standard,meat
2025-04-07,Monday,lunch,0,0,cloudy,108,110,60.25,50.69,9.56,standard,vegetables
2025-04-08,Tuesday,breakfast,0,0,sunny,75,60,26.53,18.3,8.23,standard,meat
2025-04-09,Wednesday,breakfast,0,0,rainy,47,46,13.98,11.64,2.34,standard,mixed
2025-04-10,Thursday,dinner,0,0,sunny,84,87,36.9,31.18,5.72,standard,dairy
2025-04-11,Friday,dinner,0,0,sunny,116,111,60.62,53.19,7.43,premium,meat
2025-04-12,Saturday,dinner,0,0,cloudy,109,113,47.51,40.54,6.97,standard,vegetables
2025-04-13,Sunday,lunch,0,0,rainy,140,140,66.51,52.66,13.85,vegetarian,grains
2025-04-14,Monday,dinner,0,0,rainy,85,94,35.66,29.11,6.55,vegetarian,mixed
2025-04-15,Tuesday,dinner,0,0,sunny,89,97,38.34,29.7,8.64,standard,dairy
2025-04-16,Wednesday,dinner,0,0,sunny,94,96,40.72,32.86,7.86,standard,meat
2025-04-17,Thursday,lunch,0,0,rainy,111,95,56.38,46.46,9.92,standard,mixed
2025-04-18,Friday,lunch,0,0,rainy,117,138,52.06,43.19,8.87,vegetarian,grains
2025-04-19,Saturday,breakfast,0,0,cloudy,84,82,30.76,27.48,3.28,standard,dairy
2025-04-20,Sunday,dinner,0,1,cloudy,149,153,73.09,60.87,12.22,premium,vegetables
2025-04-21,Monday,lunch,0,0,sunny,131,127,72.43,60.97,11.46,premium,grains
2025-04-22,Tuesday,breakfast,0,0,sunny,73,67,33.35,27.48,5.88,premium,meat
2025-04-23,Wednesday,lunch,0,0,sunny,135,154,67.0,59.4,7.6,seasonal,vegetables
2025-04-24,Thursday,lunch,0,0,sunny,133,150,75.91,66.56,9.34,premium,mixed
2025-04-25,Friday,breakfast,0,0,sunny,70,75,22.62,20.28,2.34,premium,vegetables
2025-04-26,Saturday,dinner,0,0,rainy,103,102,50.09,43.34,6.74,premium,mixed
2025-04-27,Sunday,dinner,0,0,sunny,119,126,59.58,50.43,9.16,premium,dairy
2025-04-28,Monday,dinner,0,0,sunny,92,93,51.77,46.05,5.72,premium,dairy
2025-04-29,Tuesday,lunch,0,0,cloudy,114,112,51.12,41.8,9.32,seasonal,mixed
2025-04-30,Wednesday,lunch,0,0,sunny,137,141,68.21,56.58,11.63,standard,vegetables
2025-05-01,Thursday,lunch,0,0,sunny,118,113,59.83,51.75,8.08,vegetarian,vegetables
2025-05-02,Friday,lunch,0,0,cloudy,121,124,54.51,44.21,10.3,vegetarian,grains
2025-05-03,Saturday,breakfast,0,0,sunny,73,75,28.56,25.18,3.38,premium,vegetables
2025-05-04,Sunday,lunch,0,0,cloudy,145,152,73.5,63.03,10.46,standard,mixed
2025-05-05,Monday,breakfast,0,0,rainy,57,50,23.35,20.63,2.73,premium,meat
2025-05-06,Tuesday,lunch,0,0,sunny,129,138,75.65,64.76,10.89,premium,vegetables
2025-05-07,Wednesday,lunch,0,0,rainy,111,100,56.85,46.2,10.65,seasonal,vegetables
2025-05-08,Thursday,breakfast,0,0,rainy,46,39,20.08,17.12,2.96,standard,meat
2025-05-09,Friday,breakfast,0,0,rainy,41,35,15.32,11.49,3.83,premium,dairy
2025-05-10,Saturday,lunch,0,0,cloudy,155,142,83.03,68.65,14.38,premium,vegetables
2025-05-11,Sunday,breakfast,0,0,cloudy,82,94,28.02,24.8,3.22,seasonal,dairy
2025-05-12,Monday,dinner,0,0,cloudy,87,75,35.67,29.94,5.74,seasonal,meat
2025-05-13,Tuesday,lunch,0,0,cloudy,107,99,51.74,43.04,8.7,vegetarian,dairy
2025-05-14,Wednesday,lunch,0,1,sunny,138,158,63.7,56.32,7.39,vegetarian,vegetables
2025-05-15,Thursday,lunch,0,1,rainy,142,140,68.98,60.23,8.76,standard,meat
2025-05-16,Friday,breakfast,0,0,cloudy,73,71,27.05,22.28,4.76,seasonal,grains
2025-05-17,Saturday,dinner,0,0,cloudy,112,100,46.97,38.76,8.2,standard,vegetables
2025-05-18,Sunday,lunch,0,0,sunny,142,152,80.41,66.43,13.98,premium,dairy
2025-05-19,Monday,dinner,0,0,sunny,105,115,51.06,43.75,7.31,premium,meat
2025-05-20,Tuesday,breakfast,0,0,cloudy,60,69,24.48,21.97,2.51,standard,grains
2025-05-21,Wednesday,lunch,0,0,cloudy,127,133,62.32,54.53,7.79,standard,mixed
2025-05-22,Thursday,lunch,0,0,sunny,130,131,66.9,57.08,9.82,standard,grains
2025-05-23,Friday,dinner,0,0,sunny,79,73,40.04,35.27,4.76,premium,meat
2025-05-24,Saturday,lunch,0,0,sunny,144,134,69.91,59.96,9.95,vegetarian,mixed
2025-05-25,Sunday,lunch,0,1,cloudy,162,182,81.33,73.73,7.6,standard,meat
2025-05-26,Monday,lunch,0,0,sunny,122,131,62.11,54.72,7.39,premium,mixed
2025-05-27,Tuesday,lunch,0,0,rainy,108,100,57.03,48.75,8.27,standard,meat
2025-05-28,Wednesday,lunch,0,0,sunny,136,136,74.54,63.1,11.44,premium,dairy
2025-05-29,Thursday,lunch,0,0,sunny,112,108,58.37,47.44,10.93,standard,dairy
2025-05-30,Friday,breakfast,0,0,sunny,71,57,26.92,23.58,3.34,standard,dairy
2025-05-31,Saturday,dinner,0,0,cloudy,116,118,49.88,43.65,6.23,standard,vegetables
2025-06-01,Sunday,dinner,0,0,sunny,110,105,43.46,39.12,4.34,vegetarian,dairy
2025-06-02,Monday,breakfast,0,0,cloudy,53,42,20.52,19.18,1.34,standard,vegetables
2025-06-03,Tuesday,lunch,0,0,rainy,110,92,59.59,50.92,8.67,premium,mixed
2025-06-04,Wednesday,breakfast,0,0,sunny,73,54,28.36,24.6,3.76,standard,vegetables
2025-06-05,Thursday,dinner,0,0,cloudy,78,74,34.57,29.61,4.95,standard,vegetables
2025-06-06,Friday,lunch,0,0,sunny,134,133,70.07,57.43,12.64,standard,mixed
2025-06-07,Saturday,dinner,0,0,sunny,114,103,52.57,44.68,7.89,standard,vegetables
2025-06-08,Sunday,dinner,0,0,sunny,114,122,52.16,43.84,8.32,seasonal,vegetables
2025-06-09,Monday,dinner,0,0,sunny,81,80,35.33,30.32,5.01,standard,dairy
2025-06-10,Tuesday,breakfast,0,0,cloudy,59,66,21.35,18.35,3.0,seasonal,grains
2025-06-11,Wednesday,dinner,0,0,cloudy,95,93,46.33,40.01,6.32,standard,grains
2025-06-12,Thursday,breakfast,0,0,cloudy,49,40,16.99,14.17,2.82,standard,meat
2025-06-13,Friday,breakfast,0,0,cloudy,64,65,23.99,21.82,2.18,standard,vegetables
2025-06-14,Saturday,lunch,0,0,cloudy,141,126,70.64,55.11,15.53,standard,vegetables
2025-06-15,Sunday,lunch,0,0,sunny,148,154,81.77,70.19,11.59,premium,grains
2025-06-16,Monday,dinner,0,0,sunny,97,86,45.91,40.42,5.49,vegetarian,vegetables
2025-06-17,Tuesday,dinner,0,0,sunny,77,88,38.26,35.66,2.6,standard,vegetables
2025-06-18,Wednesday,lunch,0,0,cloudy,118,114,55.7,48.26,7.44,vegetarian,grains
2025-06-19,Thursday,dinner,0,0,rainy,88,101,37.6,33.75,3.85,vegetarian,meat
2025-06-20,Friday,lunch,0,0,sunny,137,124,66.39,56.0,10.4,seasonal,meat
2025-06-21,Saturday,lunch,0,1,cloudy,173,170,85.98,74.6,11.38,seasonal,grains
2025-06-22,Sunday,lunch,0,0,cloudy,133,138,63.44,54.97,8.47,vegetarian,vegetables
2025-06-23,Monday,dinner,0,0,rainy,83,97,44.05,36.61,7.44,premium,mixed
2025-06-24,Tuesday,breakfast,0,1,cloudy,96,121,40.65,35.0,5.64,premium,meat
2025-06-25,Wednesday,breakfast,0,0,cloudy,64,64,19.07,15.44,3.63,standard,vegetables
2025-06-26,Thursday,lunch,0,0,cloudy,122,144,70.03,59.09,10.94,premium,meat
2025-06-27,Friday,dinner,0,0,rainy,86,83,38.43,32.22,6.22,standard,vegetables
2025-06-28,Saturday,dinner,0,0,sunny,140,153,67.04,57.7,9.34,premium,mixed
2025-06-29,Sunday,dinner,0,0,rainy,100,89,49.01,39.22,9.79,seasonal,mixed
2025-06-30,Monday,dinner,0,0,sunny,84,89,42.19,35.18,7.01,standard,mixed
2025-07-01,Tuesday,dinner,0,0,rainy,77,49,39.29,32.1,7.19,premium,vegetables
2025-07-02,Wednesday,lunch,0,0,sunny,131,118,67.63,57.95,9.68,seasonal,vegetables
2025-07-03,Thursday,lunch,0,1,sunny,155,166,79.8,68.43,11.37,standard,grains
2025-07-04,Friday,dinner,1,1,sunny,102,91,47.03,36.22,10.81,vegetarian,vegetables
2025-07-05,Saturday,dinner,0,0,sunny,111,116,52.13,45.95,6.18,seasonal,vegetables
2025-07-06,Sunday,lunch,0,0,sunny,152,163,72.02,59.79,12.23,seasonal,meat
2025-07-07,Monday,breakfast,0,0,sunny,64,58,28.43,24.85,3.58,standard,grains
2025-07-08,Tuesday,dinner,0,0,sunny,89,77,43.25,38.77,4.48,standard,mixed
2025-07-09,Wednesday,lunch,0,0,sunny,117,111,53.46,47.61,5.85,vegetarian,grains
2025-07-10,Thursday,dinner,0,0,cloudy,80,68,32.91,28.77,4.15,standard,grains
2025-07-11,Friday,breakfast,0,0,rainy,66,65,24.61,21.23,3.39,standard,mixed
2025-07-12,Saturday,breakfast,0,0,cloudy,79,80,26.82,26.19,0.62,standard,dairy
2025-07-13,Sunday,dinner,0,0,sunny,120,116,54.99,43.06,11.93,standard,vegetables
2025-07-14,Monday,breakfast,0,0,sunny,56,76,20.15,16.75,3.4,vegetarian,meat
2025-07-15,Tuesday,breakfast,0,0,rainy,37,28,10.14,9.52,0.63,vegetarian,vegetables
2025-07-16,Wednesday,lunch,0,0,sunny,118,135,52.11,44.5,7.61,vegetarian,grains
2025-07-17,Thursday,dinner,0,0,sunny,112,100,57.16,49.89,7.26,premium,meat
2025-07-18,Friday,breakfast,0,0,rainy,46,47,14.5,11.84,2.66,standard,vegetables
2025-07-19,Saturday,lunch,0,0,rainy,123,137,61.94,51.68,10.26,standard,meat
2025-07-20,Sunday,dinner,0,0,sunny,116,130,48.17,41.07,7.1,standard,vegetables
2025-07-21,Monday,dinner,0,0,cloudy,94,89,41.54,34.36,7.18,standard,dairy
2025-07-22,Tuesday,lunch,0,1,sunny,168,180,86.14,74.95,11.19,standard,dairy
2025-07-23,Wednesday,breakfast,0,0,cloudy,63,68,23.87,20.79,3.08,standard,grains
2025-07-24,Thursday,breakfast,0,0,sunny,70,64,22.13,17.55,4.59,standard,grains
2025-07-25,Friday,breakfast,0,0,sunny,71,78,21.35,19.69,1.65,standard,vegetables
2025-07-26,Saturday,breakfast,0,1,cloudy,96,123,30.77,28.41,2.36,vegetarian,dairy
2025-07-27,Sunday,dinner,0,0,sunny,102,108,44.52,39.71,4.82,vegetarian,dairy
2025-07-28,Monday,breakfast,0,0,cloudy,51,58,19.07,14.62,4.45,seasonal,dairy
2025-07-29,Tuesday,lunch,0,0,sunny,122,130,65.56,53.6,11.96,premium,vegetables
2025-07-30,Wednesday,dinner,0,0,rainy,81,63,34.91,28.12,6.79,vegetarian,vegetables
2025-07-31,Thursday,lunch,0,1,rainy,142,153,75.51,68.44,7.07,standard,meat
2025-08-01,Friday,breakfast,0,0,sunny,61,49,20.14,18.82,1.31,vegetarian,vegetables
2025-08-02,Saturday,dinner,0,1,cloudy,119,117,48.65,41.42,7.23,standard,dairy
2025-08-03,Sunday,dinner,0,0,sunny,131,157,59.56,52.5,7.06,standard,grains
2025-08-04,Monday,dinner,0,0,sunny,88,85,45.73,39.85,5.88,standard,vegetables
2025-08-05,Tuesday,breakfast,0,0,sunny,81,72,24.49,18.59,5.9,standard,meat
2025-08-06,Wednesday,breakfast,0,0,rainy,38,52,13.39,13.18,0.21,standard,meat
2025-08-07,Thursday,dinner,0,0,rainy,69,58,28.3,22.71,5.59,vegetarian,meat
2025-08-08,Friday,lunch,0,1,rainy,130,130,71.79,60.17,11.62,premium,vegetables
2025-08-09,Saturday,lunch,0,0,rainy,141,156,78.13,65.04,13.09,premium,mixed
2025-08-10,Sunday,lunch,0,0,rainy,116,117,57.94,49.27,8.67,vegetarian,mixed
2025-08-11,Monday,dinner,0,0,sunny,81,62,34.27,27.48,6.79,vegetarian,mixed
2025-08-12,Tuesday,dinner,0,0,rainy,69,76,34.88,26.24,8.64,standard,meat
2025-08-13,Wednesday,lunch,0,0,cloudy,134,129,73.35,62.54,10.81,premium,meat
2025-08-14,Thursday,dinner,0,0,sunny,96,114,39.27,30.88,8.39,vegetarian,meat
2025-08-15,Friday,breakfast,0,0,cloudy,74,67,23.89,19.72,4.17,standard,vegetables
2025-08-16,Saturday,lunch,0,0,sunny,140,153,64.55,57.32,7.23,standard,vegetables
2025-08-17,Sunday,lunch,0,0,sunny,147,168,74.33,65.3,9.03,seasonal,meat
2025-08-18,Monday,breakfast,0,0,sunny,50,40,22.16,20.22,1.94,vegetarian,grains
2025-08-19,Tuesday,breakfast,0,0,sunny,62,60,23.07,20.51,2.57,standard,grains
2025-08-20,Wednesday,lunch,0,0,sunny,116,121,56.58,51.94,4.65,vegetarian,mixed
2025-08-21,Thursday,dinner,0,0,rainy,84,74,36.56,28.81,7.76,standard,grains
2025-08-22,Friday,lunch,0,0,cloudy,128,131,63.27,54.53,8.74,standard,meat
2025-08-23,Saturday,dinner,0,0,cloudy,118,115,56.05,46.85,9.2,standard,meat
2025-08-24,Sunday,dinner,0,1,sunny,138,140,68.13,60.81,7.31,standard,grains
2025-08-25,Monday,lunch,0,0,sunny,128,129,64.62,54.89,9.73,vegetarian,mixed
2025-08-26,Tuesday,dinner,0,0,sunny,95,96,45.17,41.01,4.16,standard,grains
2025-08-27,Wednesday,breakfast,0,0,rainy,55,57,22.11,17.37,4.74,premium,mixed
2025-08-28,Thursday,breakfast,0,1,sunny,89,87,31.78,29.71,2.07,standard,dairy
2025-08-29,Friday,dinner,0,0,cloudy,81,74,31.76,27.71,4.05,vegetarian,vegetables
2025-08-30,Saturday,dinner,0,0,cloudy,119,118,45.64,38.7,6.93,vegetarian,grains
2025-08-31,Sunday,breakfast,0,0,cloudy,77,76,21.26,18.87,2.39,vegetarian,vegetables
2025-09-01,Monday,lunch,0,0,rainy,106,101,49.97,41.17,8.8,vegetarian,vegetables
2025-09-02,Tuesday,lunch,0,0,sunny,123,127,60.62,52.26,8.37,seasonal,vegetables
2025-09-03,Wednesday,dinner,0,0,rainy,95,73,35.49,28.17,7.32,vegetarian,mixed
2025-09-04,Thursday,lunch,0,0,cloudy,138,129,75.79,62.82,12.97,premium,vegetables
2025-09-05,Friday,lunch,0,0,cloudy,122,119,66.14,55.56,10.58,premium,mixed
2025-09-06,Saturday,lunch,0,0,cloudy,138,128,65.48,52.61,12.87,standard,grains
2025-09-07,Sunday,lunch,0,0,rainy,128,148,62.89,53.84,9.05,standard,mixed
2025-09-08,Monday,dinner,0,0,rainy,81,81,35.49,27.25,8.24,standard,vegetables
2025-09-09,Tuesday,dinner,0,0,sunny,89,91,38.2,32.2,6.0,standard,vegetables
2025-09-10,Wednesday,lunch,0,0,rainy,114,108,59.78,49.7,10.08,standard,meat
2025-09-11,Thursday,breakfast,0,0,cloudy,72,72,19.49,17.83,1.66,standard,grains
2025-09-12,Friday,breakfast,0,0,sunny,49,34,9.72,5.49,4.24,vegetarian,mixed
2025-09-13,Saturday,dinner,0,0,rainy,91,89,40.96,33.38,7.58,standard,vegetables
2025-09-14,Sunday,dinner,0,0,sunny,119,108,59.79,50.98,8.8,premium,meat
2025-09-15,Monday,breakfast,0,0,cloudy,57,54,21.16,18.02,3.15,standard,meat
2025-09-16,Tuesday,breakfast,0,0,sunny,89,58,33.98,30.06,3.92,premium,meat
2025-09-17,Wednesday,lunch,0,0,sunny,133,119,63.75,52.24,11.51,standard,grains
2025-09-18,Thursday,breakfast,0,0,rainy,58,76,20.28,13.85,6.43,standard,grains
2025-09-19,Friday,dinner,0,0,sunny,93,103,40.53,35.99,4.54,standard,grains
2025-09-20,Saturday,lunch,0,0,sunny,138,154,69.51,59.17,10.34,vegetarian,vegetables
2025-09-21,Sunday,breakfast,0,0,sunny,73,90,24.58,18.59,5.99,standard,grains
2025-09-22,Monday,dinner,0,0,sunny,101,109,45.29,38.55,6.74,seasonal,mixed
2025-09-23,Tuesday,breakfast,0,0,rainy,54,49,26.33,23.33,3.0,standard,meat
2025-09-24,Wednesday,lunch,0,0,rainy,115,103,53.47,41.43,12.03,vegetarian,meat
2025-09-25,Thursday,breakfast,0,0,sunny,63,77,23.72,23.72,0.0,standard,vegetables
2025-09-26,Friday,breakfast,0,0,cloudy,54,55,19.22,15.09,4.12,vegetarian,vegetables
2025-09-27,Saturday,breakfast,0,0,sunny,86,116,32.29,28.36,3.94,standard,meat
2025-09-28,Sunday,breakfast,0,1,cloudy,117,118,41.82,34.59,7.23,standard,vegetables
2025-09-29,Monday,breakfast,0,0,sunny,53,77,19.13,16.69,2.44,standard,vegetables
2025-09-30,Tuesday,breakfast,0,0,sunny,71,69,25.15,21.14,4.01,standard,meat
2025-10-01,Wednesday,lunch,0,0,sunny,125,141,60.77,50.2,10.57,standard,meat
2025-10-02,Thursday,dinner,0,0,cloudy,82,102,37.88,37.04,0.84,seasonal,mixed
2025-10-03,Friday,lunch,0,0,cloudy,103,91,57.59,47.65,9.93,standard,vegetables
2025-10-04,Saturday,lunch,0,0,sunny,144,138,75.63,63.18,12.45,standard,meat
2025-10-05,Sunday,lunch,0,1,rainy,172,165,86.91,73.97,12.94,seasonal,grains
2025-10-06,Monday,dinner,0,0,cloudy,103,88,48.92,43.71,5.2,standard,vegetables
2025-10-07,Tuesday,dinner,0,0,sunny,98,106,41.49,37.22,4.27,standard,dairy
2025-10-08,Wednesday,breakfast,0,0,rainy,74,72,28.82,21.78,7.04,premium,grains
2025-10-09,Thursday,breakfast,0,0,rainy,50,51,20.34,17.02,3.32,seasonal,meat
2025-10-10,Friday,breakfast,0,0,sunny,81,88,36.86,28.72,8.14,premium,vegetables
2025-10-11,Saturday,breakfast,0,0,cloudy,76,54,24.29,21.57,2.72,standard,grains
2025-10-12,Sunday,lunch,0,0,sunny,141,156,69.05,57.07,11.98,seasonal,mixed
2025-10-13,Monday,lunch,0,0,cloudy,115,111,64.04,53.03,11.02,standard,vegetables
2025-10-14,Tuesday,breakfast,0,1,sunny,79,90,27.94,24.55,3.39,seasonal,dairy
2025-10-15,Wednesday,lunch,0,0,cloudy,138,145,81.37,70.29,11.08,premium,vegetables
2025-10-16,Thursday,lunch,0,0,sunny,120,136,60.62,51.91,8.71,seasonal,mixed
2025-10-17,Friday,breakfast,0,0,cloudy,54,53,19.64,18.96,0.68,standard,vegetables
2025-10-18,Saturday,dinner,0,0,rainy,91,66,40.03,33.11,6.92,standard,vegetables
2025-10-19,Sunday,breakfast,0,0,sunny,78,79,27.79,24.61,3.18,vegetarian,dairy
2025-10-20,Monday,dinner,0,0,rainy,89,91,41.45,32.21,9.24,vegetarian,vegetables
2025-10-21,Tuesday,breakfast,0,0,rainy,62,50,16.73,16.11,0.62,vegetarian,vegetables
2025-10-22,Wednesday,dinner,0,0,rainy,67,69,29.09,22.7,6.39,seasonal,mixed
2025-10-23,Thursday,dinner,0,0,sunny,87,83,39.29,35.87,3.41,vegetarian,meat
2025-10-24,Friday,dinner,0,0,rainy,72,56,32.01,28.87,3.14,standard,dairy
2025-10-25,Saturday,dinner,0,0,sunny,123,131,53.87,46.9,6.97,standard,meat
2025-10-26,Sunday,dinner,0,0,sunny,117,110,55.68,48.56,7.12,standard,mixed
2025-10-27,Monday,lunch,0,0,rainy,105,100,55.81,40.92,14.89,standard,mixed
2025-10-28,Tuesday,dinner,0,0,cloudy,91,85,39.6,33.18,6.42,standard,meat
2025-10-29,Wednesday,breakfast,0,1,cloudy,94,114,38.24,35.53,2.71,premium,vegetables
2025-10-30,Thursday,lunch,0,0,sunny,146,146,76.67,66.56,10.11,premium,grains
2025-10-31,Friday,lunch,0,0,rainy,109,110,48.54,38.01,10.53,vegetarian,meat
2025-11-01,Saturday,dinner,0,0,cloudy,115,110,52.12,43.66,8.47,standard,mixed
2025-11-02,Sunday,lunch,0,0,sunny,119,125,56.02,44.08,11.94,vegetarian,meat
2025-11-03,Monday,lunch,0,0,rainy,117,133,61.45,51.79,9.65,premium,grains
2025-11-04,Tuesday,lunch,0,0,sunny,150,158,80.35,65.99,14.36,premium,vegetables
2025-11-05,Wednesday,lunch,0,0,sunny,131,139,58.37,51.69,6.69,vegetarian,meat
2025-11-06,Thursday,breakfast,0,0,cloudy,53,60,22.57,21.08,1.48,premium,mixed
2025-11-07,Friday,lunch,0,0,rainy,102,85,42.04,33.19,8.85,vegetarian,grains
2025-11-08,Saturday,lunch,0,0,sunny,135,124,64.47,55.01,9.46,standard,meat
2025-11-09,Sunday,breakfast,0,0,sunny,107,105,37.21,31.24,5.97,premium,dairy
2025-11-10,Monday,lunch,0,0,sunny,127,118,64.76,54.94,9.82,standard,mixed
2025-11-11,Tuesday,lunch,0,0,rainy,104,91,46.59,36.0,10.59,standard,grains
2025-11-12,Wednesday,lunch,0,0,sunny,125,103,62.6,53.04,9.56,standard,mixed
2025-11-13,Thursday,lunch,0,0,cloudy,94,78,49.1,38.64,10.46,vegetarian,meat
2025-11-14,Friday,dinner,0,1,rainy,96,98,45.34,35.41,9.93,vegetarian,dairy
2025-11-15,Saturday,lunch,0,0,sunny,140,139,60.38,51.09,9.29,vegetarian,grains
2025-11-16,Sunday,dinner,0,0,cloudy,117,107,53.55,44.77,8.78,standard,meat
2025-11-17,Monday,dinner,0,0,cloudy,74,75,30.33,26.22,4.12,standard,meat
2025-11-18,Tuesday,lunch,0,0,rainy,115,110,59.67,47.72,11.95,premium,vegetables
2025-11-19,Wednesday,lunch,0,0,sunny,133,146,66.16,59.75,6.41,standard,vegetables
2025-11-20,Thursday,lunch,0,0,sunny,113,111,60.18,51.3,8.88,seasonal,meat
2025-11-21,Friday,dinner,0,0,sunny,97,105,45.45,39.27,6.18,standard,meat
2025-11-22,Saturday,dinner,0,0,cloudy,106,108,42.37,36.38,5.99,vegetarian,grains
2025-11-23,Sunday,dinner,0,0,cloudy,119,102,52.1,45.08,7.02,vegetarian,vegetables
2025-11-24,Monday,lunch,0,0,sunny,131,130,65.32,56.33,8.99,premium,vegetables
2025-11-25,Tuesday,lunch,0,0,sunny,124,109,59.74,50.73,9.02,standard,mixed
2025-11-26,Wednesday,lunch,0,0,rainy,117,116,56.03,47.0,9.03,seasonal,mixed
2025-11-27,Thursday,dinner,1,0,sunny,54,45,22.91,15.43,7.48,vegetarian,vegetables
2025-11-28,Friday,breakfast,0,0,sunny,58,63,17.95,12.65,5.3,vegetarian,grains
2025-11-29,Saturday,dinner,0,0,cloudy,101,85,42.0,35.04,6.95,vegetarian,vegetables
2025-11-30,Sunday,dinner,0,0,sunny,114,114,50.78,42.86,7.91,standard,meat
2025-12-01,Monday,breakfast,0,0,sunny,72,79,25.27,22.49,2.78,standard,mixed
2025-12-02,Tuesday,lunch,0,0,sunny,129,140,66.12,56.81,9.31,standard,meat
2025-12-03,Wednesday,breakfast,0,0,sunny,59,50,21.1,18.65,2.44,standard,grains
2025-12-04,Thursday,dinner,0,0,cloudy,86,86,35.27,28.11,7.16,vegetarian,grains
2025-12-05,Friday,breakfast,0,0,cloudy,72,74,26.41,22.47,3.93,standard,vegetables
2025-12-06,Saturday,dinner,0,0,cloudy,103,122,48.83,40.23,8.59,standard,mixed
2025-12-07,Sunday,breakfast,0,0,sunny,86,68,28.43,24.34,4.09,standard,meat
2025-12-08,Monday,dinner,0,0,rainy,78,67,34.92,25.51,9.41,standard,meat
2025-12-09,Tuesday,dinner,0,0,sunny,94,128,45.79,40.69,5.1,standard,vegetables
2025-12-10,Wednesday,lunch,0,0,cloudy,102,99,44.63,35.63,9.01,vegetarian,mixed
2025-12-11,Thursday,dinner,0,0,sunny,106,83,53.11,43.59,9.52,standard,vegetables
2025-12-12,Friday,dinner,0,0,cloudy,92,85,41.98,36.79,5.19,premium,mixed
2025-12-13,Saturday,dinner,0,0,sunny,123,90,54.31,45.07,9.24,standard,mixed
2025-12-14,Sunday,lunch,0,0,sunny,140,143,67.15,54.77,12.38,standard,meat
2025-12-15,Monday,lunch,0,0,sunny,128,138,76.96,65.03,11.94,premium,mixed
2025-12-16,Tuesday,breakfast,0,0,sunny,75,64,24.74,18.56,6.18,standard,vegetables
2025-12-17,Wednesday,lunch,0,0,sunny,133,127,65.0,52.39,12.6,standard,dairy
2025-12-18,Thursday,breakfast,0,0,cloudy,62,73,20.59,17.86,2.73,seasonal,grains
2025-12-19,Friday,lunch,0,0,rainy,116,95,58.29,47.66,10.63,seasonal,meat
2025-12-20,Saturday,lunch,0,0,sunny,151,135,82.06,69.37,12.7,premium,vegetables
2025-12-21,Sunday,lunch,0,0,rainy,130,127,64.6,53.72,10.88,standard,grains
2025-12-22,Monday,lunch,0,0,cloudy,110,101,41.11,34.63,6.48,vegetarian,grains
2025-12-23,Tuesday,dinner,0,0,rainy,87,83,39.32,31.71,7.61,seasonal,vegetables
2025-12-24,Wednesday,dinner,0,0,cloudy,84,69,37.85,30.11,7.74,seasonal,meat
2025-12-25,Thursday,lunch,1,0,cloudy,107,110,56.62,44.77,11.85,standard,meat
2025-12-26,Friday,lunch,0,0,cloudy,117,115,62.43,50.98,11.45,standard,vegetables
2025-12-27,Saturday,dinner,0,1,cloudy,140,152,62.44,53.65,8.79,standard,mixed
2025-12-28,Sunday,breakfast,0,0,rainy,76,78,29.05,24.0,5.05,standard,mixed
2025-12-29,Monday,breakfast,0,0,sunny,60,62,15.9,13.36,2.54,vegetarian,grains
2025-12-30,Tuesday,breakfast,0,0,sunny,63,46,24.35,24.35,0.0,standard,vegetables
2025-12-31,Wednesday,dinner,0,0,sunny,95,101,41.03,33.06,7.98,standard,meat
2026-01-01,Thursday,lunch,0,0,rainy,117,113,54.95,44.69,10.25,standard,dairy
2026-01-02,Friday,dinner,0,0,sunny,90,88,39.94,31.75,8.19,standard,vegetables
2026-01-03,Saturday,dinner,0,0,cloudy,109,122,53.25,45.24,8.02,standard,dairy
2026-01-04,Sunday,lunch,0,0,rainy,130,121,65.54,52.75,12.79,standard,grains
2026-01-05,Monday,dinner,0,0,rainy,87,103,43.64,37.61,6.03,standard,vegetables
2026-01-06,Tuesday,dinner,0,0,sunny,94,111,40.05,33.92,6.14,seasonal,dairy
2026-01-07,Wednesday,lunch,0,0,cloudy,134,143,70.14,59.84,10.3,standard,meat
2026-01-08,Thursday,lunch,0,0,rainy,104,92,46.92,37.38,9.54,vegetarian,mixed
2026-01-09,Friday,lunch,0,0,sunny,123,97,62.18,49.45,12.72,standard,grains
2026-01-10,Saturday,breakfast,0,0,cloudy,79,92,28.3,23.37,4.93,standard,grains
2026-01-11,Sunday,breakfast,0,0,sunny,74,75,27.88,23.15,4.73,standard,grains
2026-01-12,Monday,dinner,0,0,cloudy,82,73,37.65,31.84,5.81,standard,grains
2026-01-13,Tuesday,lunch,0,0,cloudy,116,130,55.78,48.88,6.9,standard,grains
2026-01-14,Wednesday,lunch,0,1,sunny,164,159,84.64,72.95,11.69,standard,meat
2026-01-15,Thursday,dinner,0,0,sunny,90,85,42.99,36.0,7.0,vegetarian,meat
2026-01-16,Friday,lunch,0,0,sunny,121,127,58.75,47.64,11.11,standard,dairy
2026-01-17,Saturday,dinner,0,0,sunny,125,112,50.74,43.41,7.33,standard,vegetables
2026-01-18,Sunday,dinner,0,0,cloudy,117,116,50.64,41.96,8.68,vegetarian,grains
2026-01-19,Monday,lunch,0,0,sunny,135,148,66.51,58.34,8.16,standard,dairy
2026-01-20,Tuesday,lunch,0,0,sunny,118,121,58.61,51.93,6.68,standard,grains
2026-01-21,Wednesday,dinner,0,0,cloudy,86,101,40.37,34.52,5.85,standard,mixed
2026-01-22,Thursday,dinner,0,0,cloudy,105,119,45.88,37.98,7.9,standard,grains
2026-01-23,Friday,dinner,0,0,cloudy,92,92,40.59,34.48,6.11,standard,meat
2026-01-24,Saturday,breakfast,0,0,rainy,68,40,23.5,19.27,4.23,seasonal,mixed
2026-01-25,Sunday,dinner,0,0,sunny,121,108,58.86,48.94,9.91,seasonal,meat
2026-01-26,Monday,lunch,0,0,rainy,118,127,59.09,48.03,11.06,seasonal,meat
2026-01-27,Tuesday,breakfast,0,0,sunny,60,41,17.29,15.28,2.01,standard,dairy
2026-01-28,Wednesday,lunch,0,0,cloudy,122,118,57.41,49.36,8.05,standard,grains
2026-01-29,Thursday,dinner,0,0,rainy,87,91,39.57,32.05,7.52,standard,dairy
2026-01-30,Friday,breakfast,0,0,rainy,41,59,10.96,6.67,4.3,standard,mixed
2026-01-31,Saturday,lunch,0,0,cloudy,140,133,65.31,55.83,9.48,standard,mixed
2026-02-01,Sunday,dinner,0,0,cloudy,101,93,47.36,38.8,8.56,standard,vegetables
2026-02-02,Monday,lunch,0,0,sunny,117,116,60.55,51.74,8.81,standard,vegetables
2026-02-03,Tuesday,lunch,0,0,cloudy,115,119,56.4,48.34,8.05,standard,dairy
2026-02-04,Wednesday,lunch,0,0,cloudy,124,122,62.88,50.51,12.37,standard,meat
2026-02-05,Thursday,lunch,0,0,rainy,115,128,63.81,53.11,10.7,premium,vegetables
2026-02-06,Friday,dinner,0,0,sunny,90,80,42.31,36.39,5.91,standard,grains
2026-02-07,Saturday,dinner,0,0,sunny,123,124,63.31,54.82,8.49,premium,grains
2026-02-08,Sunday,breakfast,0,0,cloudy,71,76,17.03,14.72,2.31,standard,meat
2026-02-09,Monday,dinner,0,0,sunny,93,88,38.34,29.47,8.87,vegetarian,grains
2026-02-10,Tuesday,dinner,0,0,sunny,104,114,48.35,43.4,4.95,standard,grains
2026-02-11,Wednesday,lunch,0,1,sunny,154,161,75.77,66.96,8.81,standard,grains
2026-02-12,Thursday,dinner,0,0,cloudy,88,97,39.71,32.23,7.48,standard,mixed
2026-02-13,Friday,breakfast,0,0,sunny,68,70,26.05,21.0,5.05,standard,grains
2026-02-14,Saturday,dinner,0,0,sunny,94,99,39.72,34.27,5.45,vegetarian,grains
2026-02-15,Sunday,dinner,0,0,sunny,119,111,58.07,50.01,8.06,standard,meat
2026-02-16,Monday,dinner,0,0,rainy,105,97,50.63,40.46,10.17,standard,vegetables
2026-02-17,Tuesday,breakfast,0,0,cloudy,59,74,20.29,18.73,1.56,seasonal,mixed
2026-02-18,Wednesday,dinner,0,0,sunny,94,102,41.71,33.03,8.68,standard,mixed
2026-02-19,Thursday,breakfast,0,0,sunny,66,54,12.57,9.0,3.57,vegetarian,vegetables
2026-02-20,Friday,breakfast,0,0,cloudy,68,70,20.78,14.6,6.18,vegetarian,vegetables
2026-02-21,Saturday,breakfast,0,0,sunny,93,65,28.49,22.23,6.26,standard,vegetables
2026-02-22,Sunday,dinner,0,0,cloudy,93,86,42.51,38.16,4.35,standard,grains
2026-02-23,Monday,breakfast,0,1,sunny,100,117,35.46,34.42,1.04,standard,vegetables
2026-02-24,Tuesday,dinner,0,0,rainy,109,107,56.59,46.66,9.92,premium,grains
2026-02-25,Wednesday,dinner,0,0,sunny,100,101,49.19,40.89,8.3,standard,grains
2026-02-26,Thursday,breakfast,0,0,cloudy,51,15,17.77,14.26,3.51,standard,meat
2026-02-27,Friday,breakfast,0,0,sunny,67,62,30.29,26.34,3.95,standard,grains
2026-02-28,Saturday,breakfast,0,0,rainy,60,64,21.7,15.52,6.18,seasonal,grains
2026-03-01,Sunday,lunch,0,0,rainy,148,154,77.47,63.04,14.43,premium,meat
2026-03-02,Monday,dinner,0,0,cloudy,82,94,35.21,32.42,2.79,seasonal,vegetables
2026-03-03,Tuesday,breakfast,0,0,sunny,61,58,18.4,14.03,4.37,vegetarian,grains
2026-03-04,Wednesday,dinner,0,0,sunny,83,81,36.64,29.96,6.68,vegetarian,grains
2026-03-05,Thursday,breakfast,0,0,rainy,46,30,13.26,10.72,2.54,standard,grains
2026-03-06,Friday,dinner,0,0,cloudy,102,100,45.01,38.61,6.4,seasonal,vegetables
2026-03-07,Saturday,dinner,0,0,sunny,111,96,46.14,37.73,8.41,vegetarian,mixed
2026-03-08,Sunday,dinner,0,0,sunny,111,89,48.61,40.57,8.03,standard,mixed
2026-03-09,Monday,dinner,0,0,sunny,81,68,36.45,31.52,4.94,vegetarian,vegetables
2026-03-10,Tuesday,dinner,0,0,rainy,60,78,27.12,25.57,1.55,vegetarian,vegetables
2026-03-11,Wednesday,breakfast,0,1,cloudy,80,82,31.5,27.27,4.23,standard,dairy
2026-03-12,Thursday,breakfast,0,0,cloudy,61,64,20.36,17.29,3.07,standard,meat
2026-03-13,Friday,breakfast,0,0,cloudy,68,62,27.41,25.46,1.95,standard,grains
2026-03-14,Saturday,lunch,0,1,sunny,179,163,94.36,80.06,14.3,premium,grains
2026-03-15,Sunday,dinner,0,0,sunny,128,139,53.43,43.9,9.53,standard,vegetables
2026-03-16,Monday,lunch,0,0,sunny,127,101,66.21,55.28,10.93,premium,meat
2026-03-17,Tuesday,dinner,0,0,cloudy,88,81,39.63,35.08,4.55,standard,grains
2026-03-18,Wednesday,breakfast,0,0,sunny,64,63,29.21,25.34,3.86,premium,vegetables
2026-03-19,Thursday,dinner,0,0,sunny,103,106,44.54,37.82,6.72,standard,vegetables
2026-03-20,Friday,breakfast,0,0,sunny,82,73,27.27,20.81,6.46,seasonal,vegetables
2026-03-21,Saturday,lunch,0,0,sunny,131,109,64.85,53.9,10.96,standard,meat
2026-03-22,Sunday,dinner,0,0,cloudy,107,97,49.87,43.84,6.03,standard,dairy
2026-03-23,Monday,dinner,0,0,sunny,105,96,45.82,36.76,9.05,standard,meat
2026-03-24,Tuesday,lunch,0,0,sunny,113,104,54.9,45.9,9.0,standard,vegetables
2026-03-25,Wednesday,breakfast,0,0,cloudy,65,77,18.71,15.51,3.21,standard,grains
2026-03-26,Thursday,lunch,0,0,sunny,143,128,76.93,63.42,13.51,premium,mixed
2026-03-27,Friday,breakfast,0,0,sunny,66,70,26.63,23.09,3.54,seasonal,meat
2026-03-28,Saturday,dinner,0,0,sunny,114,116,48.15,41.67,6.48,vegetarian,grains
2026-03-29,Sunday,dinner,0,0,rainy,109,121,43.56,36.79,6.77,vegetarian,vegetables
2026-03-30,Monday,breakfast,0,0,sunny,81,79,32.06,25.73,6.33,standard,mixed
2026-03-31,Tuesday,breakfast,0,0,cloudy,68,77,25.44,19.34,6.1,premium,dairy
2026-04-01,Wednesday,breakfast,0,0,rainy,54,52,25.86,21.56,4.3,premium,mixed
2026-04-02,Thursday,dinner,0,0,cloudy,83,88,41.56,34.73,6.83,standard,meat
2026-04-03,Friday,lunch,0,0,sunny,133,115,66.67,58.47,8.2,seasonal,vegetables
2026-04-04,Saturday,dinner,0,0,cloudy,99,67,40.05,35.85,4.21,standard,vegetables
2026-04-05,Sunday,lunch,0,0,sunny,151,156,89.92,79.78,10.14,premium,grains
2026-04-06,Monday,lunch,0,0,sunny,126,131,64.16,53.38,10.78,seasonal,dairy
2026-04-07,Tuesday,breakfast,0,0,cloudy,64,70,24.63,21.91,2.72,premium,meat
2026-04-08,Wednesday,dinner,0,0,sunny,97,91,46.52,40.62,5.89,standard,grains
2026-04-09,Thursday,lunch,0,0,sunny,141,159,68.38,60.24,8.13,vegetarian,mixed
2026-04-10,Friday,lunch,0,0,sunny,124,118,65.93,55.19,10.74,standard,vegetables
2026-04-11,Saturday,dinner,0,0,sunny,120,125,58.01,51.46,6.55,premium,grains
2026-04-12,Sunday,lunch,0,0,sunny,153,160,77.46,66.27,11.18,standard,vegetables
2026-04-13,Monday,dinner,0,0,cloudy,87,108,32.98,28.78,4.2,vegetarian,mixed
2026-04-14,Tuesday,breakfast,0,0,rainy,62,58,23.7,17.05,6.65,seasonal,mixed
2026-04-15,Wednesday,lunch,0,0,sunny,126,118,62.93,54.06,8.88,standard,meat
2026-04-16,Thursday,lunch,0,0,cloudy,118,100,59.84,49.61,10.23,standard,mixed
2026-04-17,Friday,lunch,0,0,sunny,106,125,49.38,43.42,5.96,vegetarian,mixed
2026-04-18,Saturday,breakfast,0,0,sunny,72,77,24.45,21.23,3.22,standard,mixed
2026-04-19,Sunday,breakfast,0,0,sunny,70,75,21.9,18.97,2.93,standard,mixed
2026-04-20,Monday,lunch,0,0,sunny,128,165,66.37,58.31,8.06,standard,vegetables
2026-04-21,Tuesday,lunch,0,0,sunny,114,118,61.47,53.63,7.84,standard,dairy
2026-04-22,Wednesday,lunch,0,0,sunny,130,114,59.43,49.46,9.97,vegetarian,meat
2026-04-23,Thursday,lunch,0,0,sunny,120,118,58.06,47.08,10.98,vegetarian,dairy
2026-04-24,Friday,lunch,0,0,cloudy,118,106,60.3,51.53,8.77,standard,grains
2026-04-25,Saturday,lunch,0,0,sunny,138,133,69.02,57.18,11.84,standard,dairy
2026-04-26,Sunday,lunch,0,0,sunny,150,145,70.42,57.59,12.83,standard,mixed
2026-04-27,Monday,breakfast,0,0,sunny,59,52,16.75,12.61,4.14,standard,vegetables
2026-04-28,Tuesday,lunch,0,0,cloudy,120,103,63.66,53.67,9.99,premium,mixed
2026-04-29,Wednesday,lunch,0,0,sunny,135,154,61.08,52.7,8.38,standard,vegetables
2026-04-30,Thursday,breakfast,0,0,cloudy,58,62,22.78,16.24,6.54,vegetarian,grains
2026-05-01,Friday,lunch,0,0,sunny,123,120,62.6,52.49,10.12,seasonal,grains
2026-05-02,Saturday,lunch,0,0,sunny,145,154,68.06,60.09,7.97,vegetarian,dairy
2026-05-03,Sunday,breakfast,0,0,rainy,65,71,14.23,11.06,3.17,vegetarian,meat
2026-05-04,Monday,lunch,0,0,sunny,128,131,58.53,49.64,8.89,standard,vegetables
2026-05-05,Tuesday,lunch,0,0,sunny,118,126,58.99,52.09,6.91,standard,meat
2026-05-06,Wednesday,dinner,0,0,sunny,112,114,56.31,49.15,7.16,standard,vegetables
2026-05-07,Thursday,lunch,0,0,rainy,113,121,60.05,51.16,8.89,premium,vegetables
2026-05-08,Friday,dinner,0,0,cloudy,110,119,57.59,45.21,12.38,premium,mixed
2026-05-09,Saturday,lunch,0,0,cloudy,138,140,67.56,60.13,7.43,standard,dairy
2026-05-10,Sunday,dinner,0,0,rainy,106,103,47.87,40.09,7.78,standard,dairy
2026-05-11,Monday,lunch,0,0,sunny,131,149,69.14,63.46,5.68,standard,meat
2026-05-12,Tuesday,lunch,0,0,rainy,114,108,52.54,41.66,10.88,vegetarian,mixed
2026-05-13,Wednesday,lunch,0,0,sunny,113,118,51.04,40.94,10.1,vegetarian,vegetables
2026-05-14,Thursday,lunch,0,1,cloudy,154,164,76.63,67.3,9.34,vegetarian,vegetables
2026-05-15,Friday,lunch,0,0,sunny,140,133,70.14,58.81,11.33,seasonal,grains
2026-05-16,Saturday,dinner,0,1,sunny,143,138,67.62,59.54,8.08,standard,meat
2026-05-17,Sunday,dinner,0,1,rainy,125,126,50.44,44.03,6.42,vegetarian,meat
2026-05-18,Monday,dinner,0,0,sunny,86,80,40.34,33.96,6.38,vegetarian,dairy
2026-05-19,Tuesday,lunch,0,0,rainy,107,90,54.32,43.44,10.88,standard,vegetables
2026-05-20,Wednesday,lunch,0,0,sunny,139,131,70.8,60.51,10.29,seasonal,grains
2026-05-21,Thursday,dinner,0,1,cloudy,112,120,50.79,44.13,6.66,standard,meat
2026-05-22,Friday,lunch,0,0,rainy,110,125,58.98,48.56,10.42,premium,mixed
2026-05-23,Saturday,dinner,0,0,sunny,136,143,67.99,59.73,8.26,premium,vegetables
2026-05-24,Sunday,lunch,0,1,rainy,165,139,81.17,68.39,12.79,seasonal,grains
2026-05-25,Monday,breakfast,0,0,cloudy,72,80,25.92,23.82,2.1,vegetarian,vegetables
2026-05-26,Tuesday,breakfast,0,0,cloudy,56,49,18.99,15.78,3.21,standard,vegetables
2026-05-27,Wednesday,dinner,0,0,sunny,104,109,47.51,37.36,10.15,premium,vegetables
2026-05-28,Thursday,breakfast,0,1,cloudy,93,98,32.16,27.89,4.27,premium,vegetables
2026-05-29,Friday,lunch,0,0,cloudy,116,114,49.34,40.72,8.62,vegetarian,meat
2026-05-30,Saturday,lunch,0,0,sunny,139,138,78.3,66.3,12.0,premium,vegetables
2026-05-31,Sunday,breakfast,0,0,sunny,90,90,28.05,22.83,5.21,standard,vegetables
2026-06-01,Monday,lunch,0,0,sunny,123,139,58.71,50.62,8.09,vegetarian,grains
2026-06-02,Tuesday,dinner,0,0,rainy,88,88,44.41,34.86,9.55,premium,mixed
2026-06-03,Wednesday,breakfast,0,0,sunny,62,75,21.51,16.58,4.92,standard,vegetables
2026-06-04,Thursday,dinner,0,0,cloudy,83,94,38.67,35.04,3.63,standard,vegetables
2026-06-05,Friday,dinner,0,0,rainy,86,94,39.17,30.92,8.26,seasonal,grains
2026-06-06,Saturday,lunch,0,0,sunny,144,123,71.07,59.22,11.85,premium,meat
2026-06-07,Sunday,breakfast,0,0,sunny,97,110,37.83,33.98,3.85,premium,mixed
2026-06-08,Monday,lunch,0,0,cloudy,137,132,69.78,60.4,9.37,standard,grains
2026-06-09,Tuesday,breakfast,0,0,sunny,77,86,31.87,28.51,3.36,seasonal,grains
2026-06-10,Wednesday,lunch,0,0,cloudy,108,96,59.06,50.09,8.97,standard,grains
2026-06-11,Thursday,dinner,0,0,cloudy,81,67,29.93,26.19,3.74,vegetarian,meat
2026-06-12,Friday,dinner,0,0,cloudy,93,117,40.8,37.52,3.28,standard,mixed
2026-06-13,Saturday,dinner,0,0,sunny,122,111,56.3,48.0,8.3,premium,vegetables
2026-06-14,Sunday,lunch,0,0,cloudy,129,143,69.06,56.72,12.34,seasonal,vegetables
2026-06-15,Monday,dinner,0,0,cloudy,101,102,53.54,44.76,8.78,premium,dairy
2026-06-16,Tuesday,dinner,0,0,sunny,90,85,38.85,33.91,4.94,vegetarian,dairy
2026-06-17,Wednesday,lunch,0,0,cloudy,135,134,68.0,56.8,11.19,standard,vegetables
2026-06-18,Thursday,lunch,0,0,rainy,103,87,52.55,44.85,7.7,vegetarian,grains
2026-06-19,Friday,breakfast,0,0,cloudy,64,64,24.11,20.4,3.71,vegetarian,vegetables
2026-06-20,Saturday,breakfast,0,0,sunny,75,62,29.72,25.08,4.64,standard,dairy
2026-06-21,Sunday,lunch,0,1,sunny,162,162,77.51,69.12,8.39,vegetarian,dairy
2026-06-22,Monday,breakfast,0,0,sunny,79,90,30.55,25.96,4.59,premium,dairy
2026-06-23,Tuesday,breakfast,0,0,sunny,82,85,35.1,30.18,4.92,premium,mixed
2026-06-24,Wednesday,dinner,0,0,sunny,95,77,49.95,43.09,6.86,premium,vegetables
2026-06-25,Thursday,dinner,0,0,rainy,80,90,35.43,27.13,8.3,standard,vegetables
2026-06-26,Friday,lunch,0,0,sunny,109,109,50.18,42.22,7.95,vegetarian,grains
2026-06-27,Saturday,dinner,0,0,rainy,99,92,47.95,40.29,7.66,standard,mixed
2026-06-28,Sunday,dinner,0,1,sunny,152,166,73.39,64.77,8.62,standard,meat
2026-06-29,Monday,breakfast,0,0,sunny,62,60,19.45,18.7,0.75,standard,vegetables
2026-06-30,Tuesday,lunch,0,0,sunny,123,109,60.71,48.56,12.15,standard,grains
2026-07-01,Wednesday,lunch,0,0,sunny,116,138,59.05,48.7,10.35,standard,dairy
2026-07-02,Thursday,breakfast,0,0,cloudy,50,50,17.46,16.0,1.46,vegetarian,dairy
2026-07-03,Friday,dinner,0,0,rainy,94,93,40.73,34.67,6.07,standard,dairy
2026-07-04,Saturday,lunch,0,0,rainy,131,126,71.15,57.77,13.38,standard,vegetables
2026-07-05,Sunday,lunch,0,0,sunny,137,151,69.77,60.68,9.08,standard,mixed
2026-07-06,Monday,breakfast,0,0,cloudy,52,46,18.23,16.53,1.7,vegetarian,dairy
2026-07-07,Tuesday,breakfast,0,0,sunny,52,33,23.48,18.38,5.1,standard,dairy
2026-07-08,Wednesday,dinner,0,0,rainy,72,64,31.05,24.2,6.85,standard,dairy
2026-07-09,Thursday,breakfast,0,0,cloudy,66,82,20.85,18.28,2.58,vegetarian,mixed
2026-07-10,Friday,breakfast,0,0,sunny,64,74,18.64,17.35,1.29,standard,mixed
2026-07-11,Saturday,lunch,0,0,sunny,160,157,79.48,65.62,13.86,seasonal,meat
2026-07-12,Sunday,lunch,0,1,sunny,174,195,82.53,72.89,9.64,standard,vegetables
2026-07-13,Monday,lunch,0,0,sunny,125,134,64.74,55.13,9.61,standard,vegetables
2026-07-14,Tuesday,lunch,0,0,rainy,115,112,58.76,48.67,10.09,standard,mixed
2026-07-15,Wednesday,breakfast,0,0,cloudy,34,32,10.05,8.51,1.54,vegetarian,meat
2026-07-16,Thursday,breakfast,0,0,rainy,52,56,17.9,13.92,3.98,standard,grains
2026-07-17,Friday,dinner,0,0,sunny,103,93,53.78,47.16,6.63,premium,grains
2026-07-18,Saturday,lunch,0,0,cloudy,152,152,72.59,60.89,11.7,standard,mixed
2026-07-19,Sunday,lunch,0,0,sunny,148,152,70.17,59.43,10.74,vegetarian,mixed
2026-07-20,Monday,dinner,0,0,cloudy,81,61,38.55,29.76,8.79,standard,mixed
2026-07-21,Tuesday,dinner,0,1,sunny,135,138,55.4,47.26,8.14,standard,vegetables
2026-07-22,Wednesday,breakfast,0,0,sunny,63,59,24.1,21.19,2.92,standard,dairy
2026-07-23,Thursday,lunch,0,0,cloudy,108,120,45.74,39.8,5.94,vegetarian,mixed
2026-07-24,Friday,lunch,0,0,sunny,127,105,63.15,53.46,9.68,standard,vegetables
2026-07-25,Saturday,lunch,0,0,sunny,143,138,68.01,58.36,9.65,seasonal,grains
2026-07-26,Sunday,dinner,0,0,cloudy,130,124,69.29,61.7,7.6,premium,mixed
2026-07-27,Monday,lunch,0,0,sunny,128,140,60.53,50.91,9.62,seasonal,grains
2026-07-28,Tuesday,dinner,0,0,rainy,82,81,31.95,23.74,8.21,standard,meat
2026-07-29,Wednesday,dinner,0,0,cloudy,105,127,52.9,44.32,8.58,premium,dairy
2026-07-30,Thursday,lunch,0,0,rainy,114,122,52.34,42.2,10.14,vegetarian,dairy
2026-07-31,Friday,dinner,0,0,cloudy,91,86,33.71,27.05,6.65,vegetarian,vegetables
2026-08-01,Saturday,lunch,0,0,cloudy,151,154,77.08,65.84,11.24,seasonal,dairy
2026-08-02,Sunday,dinner,0,0,cloudy,110,106,40.23,35.94,4.28,vegetarian,vegetables
2026-08-03,Monday,lunch,0,0,rainy,119,129,62.34,53.93,8.41,premium,mixed
2026-08-04,Tuesday,lunch,0,0,cloudy,138,122,74.17,62.86,11.32,premium,vegetables
2026-08-05,Wednesday,lunch,0,0,sunny,124,114,64.41,57.44,6.96,standard,dairy
2026-08-06,Thursday,breakfast,0,0,sunny,60,65,23.09,19.18,3.91,vegetarian,dairy
2026-08-07,Friday,lunch,0,0,cloudy,134,149,70.31,58.16,12.15,standard,grains
2026-08-08,Saturday,dinner,0,0,sunny,128,102,57.14,48.96,8.18,seasonal,vegetables
2026-08-09,Sunday,lunch,0,0,sunny,153,169,76.87,63.56,13.3,premium,dairy
2026-08-10,Monday,breakfast,0,0,sunny,61,59,22.52,17.98,4.55,standard,grains
2026-08-11,Tuesday,lunch,0,0,cloudy,132,109,70.41,59.33,11.08,standard,grains
2026-08-12,Wednesday,breakfast,0,0,sunny,71,35,28.55,23.29,5.26,standard,meat
2026-08-13,Thursday,breakfast,0,0,cloudy,63,45,23.44,19.3,4.14,standard,mixed
2026-08-14,Friday,dinner,0,0,cloudy,87,87,35.58,28.47,7.11,standard,meat
2026-08-15,Saturday,lunch,0,0,rainy,141,140,75.97,62.22,13.75,premium,vegetables
2026-08-16,Sunday,lunch,0,0,sunny,140,148,71.6,62.82,8.78,vegetarian,mixed
2026-08-17,Monday,lunch,0,0,cloudy,123,116,63.4,53.56,9.84,premium,meat
2026-08-18,Tuesday,breakfast,0,0,cloudy,61,48,17.91,13.79,4.12,standard,vegetables
2026-08-19,Wednesday,lunch,0,0,sunny,122,117,60.17,49.03,11.14,vegetarian,vegetables
2026-08-20,Thursday,dinner,0,0,cloudy,87,87,37.86,30.96,6.89,standard,vegetables
2026-08-21,Friday,lunch,0,0,sunny,140,143,73.45,63.2,10.25,premium,vegetables
2026-08-22,Saturday,dinner,0,0,rainy,110,101,54.08,44.47,9.61,standard,dairy
2026-08-23,Sunday,lunch,0,0,sunny,153,164,77.88,65.69,12.2,standard,grains
2026-08-24,Monday,lunch,0,0,rainy,108,101,52.85,39.73,13.13,standard,dairy
2026-08-25,Tuesday,dinner,0,0,cloudy,104,94,48.56,41.52,7.04,premium,vegetables
2026-08-26,Wednesday,dinner,0,0,sunny,96,89,49.34,40.32,9.02,standard,vegetables
2026-08-27,Thursday,dinner,0,0,cloudy,75,88,31.43,28.07,3.35,vegetarian,grains
2026-08-28,Friday,dinner,0,0,sunny,108,106,58.19,48.24,9.96,premium,meat
2026-08-29,Saturday,dinner,0,0,cloudy,119,111,62.18,50.97,11.21,premium,dairy
2026-08-30,Sunday,dinner,0,0,cloudy,131,142,57.39,49.51,7.87,standard,vegetables
2026-08-31,Monday,breakfast,0,0,sunny,77,103,25.41,25.41,0.0,standard,grains
2026-09-01,Tuesday,dinner,0,0,sunny,101,104,49.79,43.56,6.23,standard,vegetables
2026-09-02,Wednesday,lunch,0,0,cloudy,122,137,65.39,56.57,8.82,standard,mixed
2026-09-03,Thursday,lunch,0,0,sunny,121,133,51.24,44.58,6.66,vegetarian,vegetables
2026-09-04,Friday,dinner,0,0,rainy,72,65,34.05,25.1,8.95,standard,dairy
2026-09-05,Saturday,dinner,0,0,cloudy,96,96,42.84,34.73,8.11,standard,vegetables
2026-09-06,Sunday,dinner,0,0,cloudy,103,88,43.25,32.48,10.77,standard,grains
2026-09-07,Monday,lunch,0,0,sunny,120,118,57.19,51.11,6.07,vegetarian,dairy
2026-09-08,Tuesday,dinner,0,0,cloudy,73,65,28.8,26.59,2.21,standard,meat
2026-09-09,Wednesday,dinner,0,0,rainy,71,66,28.42,23.78,4.64,vegetarian,grains
2026-09-10,Thursday,lunch,0,0,sunny,123,114,59.1,50.02,9.09,standard,mixed
2026-09-11,Friday,breakfast,0,0,sunny,63,60,20.55,15.09,5.46,seasonal,grains
2026-09-12,Saturday,breakfast,0,0,sunny,75,81,23.79,20.0,3.78,vegetarian,vegetables
2026-09-13,Sunday,dinner,0,1,sunny,142,146,60.85,55.83,5.03,standard,vegetables
2026-09-14,Monday,lunch,0,0,cloudy,134,112,71.72,59.9,11.82,standard,meat
2026-09-15,Tuesday,dinner,0,0,sunny,100,91,46.48,38.33,8.15,standard,dairy
2026-09-16,Wednesday,lunch,0,0,cloudy,116,98,63.38,50.33,13.06,standard,grains
2026-09-17,Thursday,dinner,0,0,sunny,94,97,41.82,37.72,4.1,standard,mixed
2026-09-18,Friday,lunch,0,0,sunny,133,139,71.5,61.02,10.49,premium,meat
2026-09-19,Saturday,dinner,0,0,sunny,104,107,48.96,39.09,9.86,vegetarian,mixed
2026-09-20,Sunday,breakfast,0,0,rainy,64,55,20.67,15.41,5.26,standard,mixed
2026-09-21,Monday,lunch,0,0,cloudy,123,126,57.28,46.91,10.37,vegetarian,mixed
2026-09-22,Tuesday,dinner,0,0,sunny,92,86,43.56,36.62,6.94,standard,meat
2026-09-23,Wednesday,dinner,0,0,cloudy,81,67,32.74,27.77,4.97,seasonal,vegetables
2026-09-24,Thursday,dinner,0,1,sunny,125,139,58.38,50.69,7.69,standard,vegetables
2026-09-25,Friday,breakfast,0,0,sunny,74,84,31.35,28.06,3.29,premium,dairy
2026-09-26,Saturday,lunch,0,0,sunny,137,148,79.16,68.1,11.06,premium,vegetables
2026-09-27,Sunday,breakfast,0,0,rainy,70,63,27.17,23.72,3.45,standard,dairy
2026-09-28,Monday,breakfast,0,0,cloudy,67,81,27.35,23.02,4.33,standard,grains
2026-09-29,Tuesday,dinner,0,0,cloudy,94,88,41.97,40.04,1.93,standard,mixed
2026-09-30,Wednesday,dinner,0,0,sunny,121,129,57.91,48.75,9.16,premium,vegetables
2026-10-01,Thursday,dinner,0,0,sunny,100,94,48.33,39.49,8.84,vegetarian,mixed
2026-10-02,Friday,dinner,0,0,cloudy,97,94,36.16,29.11,7.05,vegetarian,grains
2026-10-03,Saturday,dinner,0,0,sunny,145,116,68.22,56.09,12.13,premium,grains
2026-10-04,Sunday,dinner,0,0,rainy,114,110,58.7,45.36,13.33,premium,mixed
2026-10-05,Monday,breakfast,0,0,cloudy,61,62,26.22,22.75,3.47,standard,mixed
2026-10-06,Tuesday,breakfast,0,0,sunny,68,63,22.33,16.03,6.3,vegetarian,dairy
2026-10-07,Wednesday,lunch,0,0,cloudy,124,145,71.2,61.96,9.24,premium,mixed
2026-10-08,Thursday,dinner,0,0,rainy,81,67,30.46,22.61,7.85,standard,vegetables
2026-10-09,Friday,breakfast,0,0,sunny,68,61,25.7,21.13,4.57,premium,mixed
2026-10-10,Saturday,lunch,0,0,cloudy,143,132,65.88,56.32,9.55,standard,vegetables
2026-10-11,Sunday,dinner,0,0,rainy,95,88,45.09,40.18,4.91,standard,meat
2026-10-12,Monday,breakfast,0,0,sunny,68,80,22.56,17.77,4.78,premium,vegetables
2026-10-13,Tuesday,lunch,0,0,rainy,113,131,52.67,43.72,8.95,standard,grains
2026-10-14,Wednesday,dinner,0,0,sunny,94,86,43.84,35.9,7.94,standard,meat
2026-10-15,Thursday,dinner,0,0,cloudy,75,66,36.94,29.82,7.11,standard,dairy
2026-10-16,Friday,breakfast,0,0,cloudy,43,29,13.28,10.07,3.21,vegetarian,grains
2026-10-17,Saturday,dinner,0,0,cloudy,109,125,56.21,49.73,6.48,premium,mixed
2026-10-18,Sunday,lunch,0,1,sunny,168,186,85.61,74.98,10.63,standard,meat
2026-10-19,Monday,dinner,0,0,cloudy,93,92,41.2,38.36,2.84,standard,grains
2026-10-20,Tuesday,lunch,0,0,sunny,127,110,60.22,50.99,9.23,standard,meat
2026-10-21,Wednesday,lunch,0,0,sunny,134,118,68.69,56.0,12.7,seasonal,grains
2026-10-22,Thursday,lunch,0,0,sunny,131,133,67.34,56.8,10.54,standard,grains
2026-10-23,Friday,lunch,0,0,cloudy,129,136,67.18,56.28,10.9,seasonal,dairy
2026-10-24,Saturday,dinner,0,1,sunny,158,138,79.94,69.47,10.47,premium,grains
2026-10-25,Sunday,breakfast,0,1,sunny,117,118,37.44,30.15,7.3,standard,grains
2026-10-26,Monday,breakfast,0,0,rainy,67,86,28.87,22.1,6.77,premium,dairy
2026-10-27,Tuesday,lunch,0,0,sunny,127,124,59.69,49.7,9.98,vegetarian,grains
2026-10-28,Wednesday,dinner,0,0,sunny,93,111,37.61,33.54,4.08,vegetarian,mixed
2026-10-29,Thursday,dinner,0,0,sunny,105,113,46.37,41.56,4.81,standard,dairy
2026-10-30,Friday,dinner,0,0,sunny,84,71,39.93,35.6,4.33,premium,grains
2026-10-31,Saturday,lunch,0,0,cloudy,146,142,82.97,71.05,11.92,premium,meat
2026-11-01,Sunday,lunch,0,0,sunny,151,149,78.8,66.73,12.07,premium,grains
2026-11-02,Monday,breakfast,0,0,sunny,74,63,22.92,20.47,2.45,seasonal,meat
2026-11-03,Tuesday,lunch,0,0,rainy,123,111,60.51,47.32,13.19,standard,grains
2026-11-04,Wednesday,dinner,0,1,rainy,106,129,57.84,46.88,10.96,premium,mixed
2026-11-05,Thursday,dinner,0,1,cloudy,139,132,72.66,63.46,9.2,premium,vegetables
2026-11-06,Friday,lunch,0,0,rainy,101,114,45.58,36.34,9.24,standard,dairy
2026-11-07,Saturday,lunch,0,0,rainy,121,116,64.55,52.58,11.98,standard,grains
2026-11-08,Sunday,dinner,0,0,sunny,113,113,54.9,46.84,8.06,standard,vegetables
2026-11-09,Monday,lunch,0,0,cloudy,125,132,65.23,56.18,9.05,premium,meat
2026-11-10,Tuesday,breakfast,0,0,cloudy,48,41,9.24,9.21,0.03,standard,meat
2026-11-11,Wednesday,lunch,0,0,sunny,138,145,75.68,66.0,9.68,premium,mixed
2026-11-12,Thursday,breakfast,0,0,sunny,70,45,27.87,23.42,4.44,standard,grains
2026-11-13,Friday,breakfast,0,0,sunny,73,78,30.32,25.23,5.09,standard,grains
2026-11-14,Saturday,breakfast,0,0,cloudy,72,42,20.43,17.03,3.39,vegetarian,vegetables
2026-11-15,Sunday,lunch,0,0,cloudy,140,137,75.26,62.89,12.36,standard,vegetables
2026-11-16,Monday,lunch,0,0,cloudy,128,138,63.72,54.37,9.34,premium,mixed
2026-11-17,Tuesday,lunch,0,0,sunny,139,146,68.4,62.45,5.95,standard,mixed
2026-11-18,Wednesday,lunch,0,0,sunny,102,86,49.75,41.92,7.83,seasonal,mixed
2026-11-19,Thursday,dinner,0,0,sunny,87,73,42.61,36.41,6.19,standard,grains
2026-11-20,Friday,dinner,0,0,cloudy,90,82,44.39,36.39,8.0,seasonal,vegetables
2026-11-21,Saturday,lunch,0,0,rainy,116,118,57.38,48.68,8.71,vegetarian,dairy
2026-11-22,Sunday,lunch,0,0,rainy,128,104,59.95,49.15,10.8,standard,vegetables
2026-11-23,Monday,dinner,0,0,rainy,79,79,38.14,32.42,5.71,standard,dairy
2026-11-24,Tuesday,breakfast,0,0,rainy,45,49,17.28,14.54,2.73,standard,vegetables
2026-11-25,Wednesday,lunch,0,0,rainy,106,103,44.81,38.18,6.62,vegetarian,vegetables
2026-11-26,Thursday,dinner,0,0,sunny,108,114,47.8,42.77,5.03,premium,mixed
2026-11-27,Friday,lunch,0,0,sunny,123,126,64.61,55.5,9.11,standard,vegetables
2026-11-28,Saturday,dinner,0,0,sunny,111,105,49.41,41.59,7.82,standard,mixed
2026-11-29,Sunday,lunch,0,0,sunny,139,116,61.47,52.46,9.01,vegetarian,vegetables
2026-11-30,Monday,dinner,0,0,sunny,90,92,37.18,30.3,6.87,vegetarian,grains
2026-12-01,Tuesday,lunch,0,0,sunny,106,95,50.91,41.75,9.16,vegetarian,vegetables
2026-12-02,Wednesday,breakfast,0,0,rainy,54,47,18.65,15.11,3.54,standard,grains
2026-12-03,Thursday,lunch,0,0,sunny,129,135,66.29,54.06,12.24,premium,meat
2026-12-04,Friday,breakfast,0,0,rainy,60,77,26.66,23.46,3.19,seasonal,grains
2026-12-05,Saturday,dinner,0,0,cloudy,115,115,54.76,45.1,9.66,standard,meat
2026-12-06,Sunday,lunch,0,0,cloudy,149,156,73.49,62.17,11.32,standard,mixed
2026-12-07,Monday,lunch,0,0,cloudy,112,95,55.11,45.78,9.34,standard,vegetables
2026-12-08,Tuesday,dinner,0,0,sunny,87,90,37.62,32.12,5.49,vegetarian,grains
2026-12-09,Wednesday,dinner,0,0,cloudy,80,79,32.61,27.18,5.43,standard,vegetables
2026-12-10,Thursday,lunch,0,0,sunny,119,134,60.47,52.02,8.45,seasonal,dairy
2026-12-11,Friday,lunch,0,0,rainy,115,109,50.06,40.72,9.34,vegetarian,meat
2026-12-12,Saturday,dinner,0,0,sunny,122,119,51.03,42.58,8.45,vegetarian,grains
2026-12-13,Sunday,dinner,0,0,sunny,114,127,53.49,44.87,8.63,premium,meat
2026-12-14,Monday,dinner,0,0,cloudy,86,85,35.35,31.64,3.71,standard,meat
2026-12-15,Tuesday,dinner,0,0,cloudy,97,84,53.44,41.71,11.73,premium,vegetables
2026-12-16,Wednesday,dinner,0,0,sunny,100,131,45.18,39.21,5.96,standard,grains
2026-12-17,Thursday,breakfast,0,0,cloudy,41,28,13.74,10.83,2.91,vegetarian,mixed
2026-12-18,Friday,lunch,0,0,sunny,112,111,49.97,43.06,6.91,seasonal,grains
2026-12-19,Saturday,breakfast,0,0,cloudy,92,96,35.01,27.69,7.32,premium,grains
2026-12-20,Sunday,dinner,0,0,sunny,107,110,54.88,46.03,8.85,premium,grains
2026-12-21,Monday,dinner,0,1,sunny,121,124,55.03,47.86,7.18,standard,meat
2026-12-22,Tuesday,lunch,0,0,sunny,134,132,67.24,58.65,8.59,premium,vegetables
2026-12-23,Wednesday,lunch,0,0,sunny,123,120,58.43,50.02,8.41,vegetarian,vegetables
2026-12-24,Thursday,breakfast,0,0,sunny,59,46,19.98,15.0,4.98,vegetarian,vegetables
2026-12-25,Friday,dinner,0,0,sunny,92,118,45.25,38.67,6.58,standard,dairy
2026-12-26,Saturday,breakfast,0,0,sunny,92,89,30.23,26.96,3.28,standard,vegetables
2026-12-27,Sunday,breakfast,0,0,sunny,82,89,19.51,14.89,4.62,vegetarian,mixed
2026-12-28,Monday,breakfast,0,0,cloudy,55,51,16.26,13.65,2.61,standard,vegetables
2026-12-29,Tuesday,breakfast,0,0,sunny,73,69,25.91,21.93,3.98,premium,grains
2026-12-30,Wednesday,lunch,0,0,cloudy,131,126,74.26,62.25,12.01,premium,mixed
2026-12-31,Thursday,lunch,0,0,rainy,124,105,53.85,47.38,6.47,seasonal,mixed
2027-01-01,Friday,lunch,0,0,sunny,131,129,64.15,53.81,10.34,standard,vegetables
2027-01-02,Saturday,breakfast,0,0,rainy,80,75,32.28,27.01,5.26,seasonal,mixed
2027-01-03,Sunday,breakfast,0,0,sunny,80,94,28.02,22.98,5.04,standard,meat
2027-01-04,Monday,lunch,0,0,sunny,121,107,63.19,53.79,9.39,standard,vegetables
2027-01-05,Tuesday,breakfast,0,0,cloudy,66,59,21.47,19.44,2.04,premium,mixed
2027-01-06,Wednesday,dinner,0,0,cloudy,89,78,35.24,28.77,6.48,standard,dairy
2027-01-07,Thursday,breakfast,0,0,rainy,42,59,19.01,15.77,3.25,standard,vegetables
2027-01-08,Friday,lunch,0,0,sunny,135,125,67.8,55.75,12.06,standard,meat
2027-01-09,Saturday,lunch,0,0,cloudy,142,149,67.05,55.65,11.4,vegetarian,vegetables
2027-01-10,Sunday,lunch,0,0,sunny,151,163,79.7,70.06,9.63,premium,grains
2027-01-11,Monday,breakfast,0,0,sunny,70,68,24.8,20.21,4.59,standard,mixed
2027-01-12,Tuesday,breakfast,0,0,sunny,67,50,20.01,13.12,6.89,standard,meat
2027-01-13,Wednesday,dinner,0,0,rainy,81,65,37.58,32.98,4.6,vegetarian,meat
2027-01-14,Thursday,breakfast,0,0,sunny,54,64,27.08,22.03,5.05,standard,meat
2027-01-15,Friday,lunch,0,0,rainy,117,102,65.8,52.8,13.0,premium,meat
2027-01-16,Saturday,lunch,0,1,cloudy,170,180,83.1,75.42,7.68,seasonal,vegetables
2027-01-17,Sunday,lunch,0,0,cloudy,153,154,76.55,64.92,11.63,premium,mixed
2027-01-18,Monday,lunch,0,0,cloudy,123,128,62.6,53.21,9.38,premium,meat
2027-01-19,Tuesday,dinner,0,0,rainy,55,61,27.76,21.06,6.71,vegetarian,dairy
2027-01-20,Wednesday,dinner,0,0,sunny,94,83,43.91,34.49,9.43,premium,meat
2027-01-21,Thursday,lunch,0,1,sunny,155,148,76.39,65.78,10.61,standard,vegetables
2027-01-22,Friday,lunch,0,0,cloudy,121,130,62.47,54.09,8.38,standard,grains
2027-01-23,Saturday,breakfast,0,0,sunny,93,85,34.21,29.32,4.89,vegetarian,vegetables
2027-01-24,Sunday,lunch,0,1,sunny,180,152,89.4,75.05,14.35,standard,grains
2027-01-25,Monday,dinner,0,0,sunny,104,112,50.79,43.52,7.26,premium,dairy
2027-01-26,Tuesday,breakfast,0,1,sunny,90,83,29.01,22.32,6.69,vegetarian,mixed
2027-01-27,Wednesday,lunch,0,0,sunny,134,140,65.12,56.35,8.76,seasonal,vegetables
2027-01-28,Thursday,dinner,0,0,sunny,90,107,38.78,33.73,5.05,standard,vegetables
2027-01-29,Friday,breakfast,0,0,rainy,49,49,18.39,18.04,0.35,standard,dairy
2027-01-30,Saturday,lunch,0,0,sunny,144,156,79.76,68.57,11.19,premium,grains
2027-01-31,Sunday,dinner,0,0,rainy,111,113,56.34,44.88,11.47,standard,mixed
2027-02-01,Monday,breakfast,0,0,rainy,48,67,16.68,13.85,2.82,vegetarian,vegetables
2027-02-02,Tuesday,breakfast,0,0,sunny,54,41,20.73,16.92,3.82,vegetarian,grains
2027-02-03,Wednesday,breakfast,0,0,cloudy,59,59,17.44,15.47,1.96,seasonal,grains
2027-02-04,Thursday,dinner,0,0,cloudy,102,110,52.58,45.07,7.51,premium,mixed
2027-02-05,Friday,breakfast,0,0,cloudy,58,56,18.13,13.49,4.64,standard,vegetables
2027-02-06,Saturday,breakfast,0,0,sunny,81,95,29.54,22.98,6.55,standard,dairy
2027-02-07,Sunday,breakfast,0,0,sunny,75,70,26.07,22.45,3.62,vegetarian,grains
2027-02-08,Monday,breakfast,0,0,sunny,68,93,23.95,22.91,1.04,standard,grains
2027-02-09,Tuesday,lunch,0,0,cloudy,117,142,65.72,57.3,8.42,standard,mixed
2027-02-10,Wednesday,breakfast,0,0,rainy,46,49,20.38,17.98,2.4,standard,grains
2027-02-11,Thursday,lunch,0,1,cloudy,139,151,73.03,65.76,7.27,standard,grains
2027-02-12,Friday,lunch,0,0,cloudy,116,130,56.81,49.33,7.49,vegetarian,meat
2027-02-13,Saturday,dinner,0,0,rainy,99,85,49.84,39.09,10.75,standard,mixed
2027-02-14,Sunday,breakfast,0,0,cloudy,72,56,18.73,15.97,2.76,vegetarian,vegetables
2027-02-15,Monday,dinner,0,0,sunny,97,112,47.76,42.98,4.78,standard,grains
2027-02-16,Tuesday,lunch,0,0,rainy,124,127,65.23,54.44,10.79,premium,mixed
2027-02-17,Wednesday,breakfast,0,0,sunny,71,68,23.16,20.75,2.41,standard,dairy
2027-02-18,Thursday,dinner,0,0,sunny,107,107,55.18,46.21,8.97,premium,mixed
2027-02-19,Friday,dinner,0,0,cloudy,88,59,43.3,35.5,7.8,standard,dairy
2027-02-20,Saturday,lunch,0,0,rainy,120,118,52.94,43.15,9.79,vegetarian,dairy
2027-02-21,Sunday,dinner,0,0,sunny,107,98,46.61,39.21,7.4,standard,vegetables
2027-02-22,Monday,lunch,0,0,sunny,120,131,60.29,53.53,6.76,standard,vegetables
2027-02-23,Tuesday,lunch,0,0,sunny,125,137,61.94,49.72,12.22,standard,dairy
2027-02-24,Wednesday,dinner,0,0,sunny,97,104,51.06,43.73,7.33,premium,dairy
2027-02-25,Thursday,lunch,0,0,sunny,126,131,73.31,62.49,10.82,seasonal,mixed
2027-02-26,Friday,dinner,0,0,cloudy,82,64,38.16,29.83,8.33,standard,meat
2027-02-27,Saturday,lunch,0,0,rainy,117,124,56.29,47.48,8.81,standard,vegetables
2027-02-28,Sunday,dinner,0,1,sunny,160,173,76.11,65.92,10.19,premium,meat
2027-03-01,Monday,lunch,0,0,sunny,116,131,53.54,45.62,7.92,vegetarian,meat
2027-03-02,Tuesday,breakfast,0,0,sunny,58,83,17.48,17.48,0.0,standard,vegetables
2027-03-03,Wednesday,lunch,0,0,sunny,124,104,69.6,59.56,10.04,premium,dairy
2027-03-04,Thursday,lunch,0,0,cloudy,118,113,56.82,48.93,7.89,vegetarian,meat
2027-03-05,Friday,breakfast,0,0,cloudy,66,57,19.73,17.2,2.53,vegetarian,grains
2027-03-06,Saturday,breakfast,0,0,cloudy,77,79,32.9,27.77,5.13,standard,meat
2027-03-07,Sunday,lunch,0,0,sunny,143,143,69.29,61.9,7.39,standard,meat
2027-03-08,Monday,breakfast,0,0,cloudy,69,66,23.79,21.37,2.42,standard,mixed
2027-03-09,Tuesday,breakfast,0,0,sunny,59,71,25.52,20.81,4.71,premium,vegetables
2027-03-10,Wednesday,dinner,0,0,sunny,111,98,52.63,42.08,10.54,standard,meat
2027-03-11,Thursday,dinner,0,0,rainy,108,96,57.83,47.72,10.11,premium,meat
2027-03-12,Friday,dinner,0,0,cloudy,76,64,39.29,32.93,6.35,premium,meat
2027-03-13,Saturday,lunch,0,0,rainy,137,133,78.5,61.98,16.53,premium,grains
2027-03-14,Sunday,dinner,0,1,rainy,124,114,53.8,45.41,8.4,standard,mixed
2027-03-15,Monday,lunch,0,0,cloudy,118,117,61.75,52.04,9.72,standard,mixed
2027-03-16,Tuesday,breakfast,0,0,rainy,47,45,19.16,16.48,2.68,standard,meat
2027-03-17,Wednesday,breakfast,0,0,sunny,66,57,25.66,22.29,3.37,vegetarian,meat
2027-03-18,Thursday,dinner,0,0,sunny,94,104,37.29,31.09,6.21,seasonal,grains
2027-03-19,Friday,breakfast,0,0,sunny,58,57,17.58,15.88,1.7,standard,meat
2027-03-20,Saturday,lunch,0,0,sunny,152,165,86.07,73.31,12.76,premium,vegetables
2027-03-21,Sunday,dinner,0,0,sunny,119,117,45.6,38.03,7.56,standard,dairy
2027-03-22,Monday,breakfast,0,0,sunny,56,56,21.08,17.12,3.96,standard,grains
2027-03-23,Tuesday,breakfast,0,0,cloudy,47,40,19.63,18.27,1.36,standard,dairy
2027-03-24,Wednesday,dinner,0,0,cloudy,114,114,55.27,46.56,8.71,premium,vegetables
2027-03-25,Thursday,lunch,0,0,cloudy,115,124,56.21,50.24,5.97,standard,dairy
2027-03-26,Friday,breakfast,0,0,sunny,64,59,19.18,18.9,0.28,standard,meat
2027-03-27,Saturday,dinner,0,0,cloudy,115,121,55.94,46.71,9.23,premium,vegetables
2027-03-28,Sunday,dinner,0,0,sunny,114,104,46.4,34.69,11.71,vegetarian,vegetables
2027-03-29,Monday,lunch,0,0,sunny,139,148,67.45,59.39,8.07,standard,mixed
2027-03-30,Tuesday,lunch,0,0,sunny,130,123,62.79,52.5,10.28,standard,meat
2027-03-31,Wednesday,lunch,0,0,sunny,108,118,49.95,41.56,8.39,vegetarian,grains
2027-04-01,Thursday,breakfast,0,0,sunny,54,55,18.05,14.47,3.58,standard,vegetables
2027-04-02,Friday,lunch,0,0,rainy,107,125,59.12,48.71,10.41,standard,vegetables
2027-04-03,Saturday,lunch,0,0,cloudy,133,119,61.33,53.39,7.94,vegetarian,meat
2027-04-04,Sunday,dinner,0,0,cloudy,96,78,44.23,37.2,7.03,standard,meat
2027-04-05,Monday,dinner,0,0,sunny,97,90,39.01,34.86,4.14,vegetarian,grains
2027-04-06,Tuesday,breakfast,0,0,rainy,41,24,12.58,10.89,1.69,standard,meat
2027-04-07,Wednesday,lunch,0,0,cloudy,132,115,60.89,50.46,10.42,standard,dairy
2027-04-08,Thursday,breakfast,0,0,sunny,80,87,23.29,19.34,3.95,standard,dairy
2027-04-09,Friday,dinner,0,0,cloudy,88,88,35.98,31.42,4.55,standard,grains
2027-04-10,Saturday,lunch,0,0,sunny,149,143,75.05,64.66,10.39,standard,vegetables
2027-04-11,Sunday,lunch,0,0,sunny,135,130,70.73,61.33,9.4,standard,vegetables
2027-04-12,Monday,lunch,0,0,sunny,130,123,59.64,49.97,9.67,seasonal,grains
2027-04-13,Tuesday,lunch,0,0,cloudy,124,144,66.55,57.9,8.66,premium,vegetables
2027-04-14,Wednesday,dinner,0,0,sunny,86,77,34.6,30.04,4.56,standard,grains
2027-04-15,Thursday,dinner,0,0,sunny,88,72,36.17,29.7,6.46,vegetarian,grains
2027-04-16,Friday,lunch,0,0,sunny,116,126,57.75,47.84,9.9,vegetarian,dairy
2027-04-17,Saturday,dinner,0,1,rainy,135,137,66.16,54.47,11.69,premium,vegetables
2027-04-18,Sunday,dinner,0,0,sunny,123,147,55.21,47.62,7.58,standard,dairy
2027-04-19,Monday,lunch,0,0,sunny,119,113,63.87,54.97,8.89,standard,grains
2027-04-20,Tuesday,lunch,0,0,sunny,139,149,70.87,62.7,8.18,standard,meat
2027-04-21,Wednesday,breakfast,0,0,rainy,39,52,11.37,7.41,3.96,standard,vegetables
2027-04-22,Thursday,dinner,0,0,cloudy,103,97,46.83,38.68,8.14,standard,dairy
2027-04-23,Friday,lunch,0,0,rainy,110,101,58.02,46.62,11.4,premium,dairy
2027-04-24,Saturday,lunch,0,1,sunny,175,189,88.76,79.41,9.35,seasonal,vegetables
2027-04-25,Sunday,breakfast,0,1,sunny,111,123,40.4,34.74,5.66,standard,meat
2027-04-26,Monday,dinner,0,0,cloudy,87,70,35.05,28.67,6.38,standard,vegetables
2027-04-27,Tuesday,lunch,0,0,sunny,131,117,66.03,53.26,12.76,standard,meat
2027-04-28,Wednesday,dinner,0,0,rainy,92,62,41.05,33.4,7.65,standard,grains
2027-04-29,Thursday,breakfast,0,0,rainy,55,62,19.23,15.64,3.6,vegetarian,vegetables
2027-04-30,Friday,dinner,0,0,sunny,92,89,43.89,36.22,7.67,standard,grains
2027-05-01,Saturday,breakfast,0,1,rainy,109,112,45.03,37.55,7.49,premium,mixed
2027-05-02,Sunday,breakfast,0,0,cloudy,74,54,24.99,22.53,2.46,seasonal,vegetables
2027-05-03,Monday,dinner,0,0,sunny,82,69,37.24,29.76,7.48,vegetarian,meat
2027-05-04,Tuesday,dinner,0,0,sunny,81,75,31.4,25.28,6.12,vegetarian,vegetables
2027-05-05,Wednesday,breakfast,0,0,sunny,56,48,13.96,13.65,0.3,vegetarian,vegetables
2027-05-06,Thursday,lunch,0,0,rainy,112,113,46.41,38.21,8.2,standard,vegetables
2027-05-07,Friday,dinner,0,1,sunny,110,122,49.29,44.36,4.93,standard,mixed
2027-05-08,Saturday,dinner,0,0,sunny,110,137,43.74,38.72,5.01,vegetarian,dairy
2027-05-09,Sunday,lunch,0,0,cloudy,152,152,77.19,65.56,11.63,standard,grains
2027-05-10,Monday,lunch,0,0,sunny,142,155,72.19,61.59,10.6,premium,dairy
2027-05-11,Tuesday,dinner,0,0,sunny,90,80,38.56,33.71,4.84,standard,vegetables
2027-05-12,Wednesday,dinner,0,0,cloudy,79,59,36.96,32.57,4.39,standard,grains
2027-05-13,Thursday,dinner,0,0,sunny,99,95,41.46,36.74,4.73,standard,meat
2027-05-14,Friday,lunch,0,0,sunny,106,87,54.23,43.49,10.74,seasonal,grains
2027-05-15,Saturday,breakfast,0,0,sunny,94,94,31.23,28.5,2.73,standard,vegetables
2027-05-16,Sunday,dinner,0,1,sunny,143,139,64.25,55.16,9.1,standard,dairy
2027-05-17,Monday,dinner,0,0,sunny,110,87,51.29,41.52,9.77,standard,vegetables
2027-05-18,Tuesday,dinner,0,1,cloudy,101,127,45.28,40.08,5.2,vegetarian,mixed
2027-05-19,Wednesday,breakfast,0,0,rainy,57,51,20.23,17.74,2.49,seasonal,dairy
2027-05-20,Thursday,breakfast,0,0,sunny,64,44,19.96,17.46,2.5,standard,mixed
2027-05-21,Friday,dinner,0,0,rainy,77,88,33.28,27.2,6.08,seasonal,meat
2027-05-22,Saturday,breakfast,0,0,cloudy,69,60,26.06,23.22,2.84,standard,mixed
2027-05-23,Sunday,dinner,0,0,cloudy,110,123,43.14,37.32,5.81,vegetarian,vegetables
2027-05-24,Monday,lunch,0,0,cloudy,125,116,61.97,51.37,10.6,standard,meat
2027-05-25,Tuesday,dinner,0,0,cloudy,104,98,45.64,37.51,8.13,standard,meat
2027-05-26,Wednesday,dinner,0,0,rainy,83,87,34.55,29.06,5.49,vegetarian,mixed
2027-05-27,Thursday,lunch,0,1,sunny,145,157,65.12,57.16,7.96,vegetarian,grains
2027-05-28,Friday,lunch,0,0,cloudy,112,121,50.44,41.18,9.27,standard,meat
2027-05-29,Saturday,lunch,0,0,sunny,142,141,79.66,68.92,10.74,premium,dairy
2027-05-30,Sunday,lunch,0,0,sunny,157,163,81.39,68.85,12.54,seasonal,vegetables
2027-05-31,Monday,lunch,0,0,cloudy,114,123,51.62,46.64,4.98,standard,mixed
2027-06-01,Tuesday,lunch,0,0,sunny,132,134,63.15,51.67,11.48,vegetarian,vegetables
2027-06-02,Wednesday,dinner,0,0,sunny,107,105,56.75,47.88,8.87,premium,grains
2027-06-03,Thursday,lunch,0,0,sunny,128,111,65.79,53.97,11.81,standard,meat
2027-06-04,Friday,breakfast,0,0,sunny,71,78,27.15,21.77,5.38,premium,vegetables
2027-06-05,Saturday,lunch,0,0,cloudy,145,146,69.67,58.54,11.12,standard,grains
2027-06-06,Sunday,lunch,0,0,cloudy,148,143,81.64,71.73,9.92,premium,grains
2027-06-07,Monday,breakfast,0,0,sunny,62,77,22.44,19.56,2.88,standard,grains
2027-06-08,Tuesday,breakfast,0,0,sunny,71,54,25.14,19.84,5.3,standard,dairy
2027-06-09,Wednesday,dinner,0,0,sunny,89,109,36.84,29.16,7.68,vegetarian,mixed
2027-06-10,Thursday,lunch,0,0,sunny,114,114,50.33,40.2,10.13,vegetarian,meat
2027-06-11,Friday,dinner,0,0,cloudy,103,107,52.77,44.22,8.55,premium,grains
2027-06-12,Saturday,breakfast,0,0,cloudy,79,74,29.06,23.64,5.43,seasonal,meat
2027-06-13,Sunday,breakfast,0,0,sunny,89,69,31.75,26.15,5.61,standard,mixed
2027-06-14,Monday,dinner,0,0,sunny,91,89,41.28,31.62,9.67,standard,dairy
2027-06-15,Tuesday,dinner,0,0,rainy,70,74,36.54,29.94,6.6,standard,vegetables
2027-06-16,Wednesday,lunch,0,0,cloudy,134,142,65.13,57.32,7.81,standard,grains
2027-06-17,Thursday,breakfast,0,0,sunny,77,75,30.79,28.56,2.23,standard,mixed
2027-06-18,Friday,breakfast,0,0,sunny,80,54,29.8,21.87,7.93,premium,mixed
2027-06-19,Saturday,lunch,0,0,sunny,150,132,85.83,70.51,15.31,premium,grains
2027-06-20,Sunday,lunch,0,0,rainy,128,153,67.7,55.59,12.11,standard,mixed
2027-06-21,Monday,lunch,0,0,sunny,136,123,67.12,56.57,10.55,standard,grains
2027-06-22,Tuesday,breakfast,0,0,sunny,57,74,23.22,18.23,5.0,vegetarian,grains
2027-06-23,Wednesday,lunch,0,0,rainy,105,94,53.91,46.25,7.65,standard,dairy
2027-06-24,Thursday,dinner,0,0,cloudy,105,103,44.62,37.92,6.7,standard,meat
2027-06-25,Friday,dinner,0,0,sunny,95,103,41.63,35.47,6.16,standard,vegetables
2027-06-26,Saturday,lunch,0,0,sunny,159,149,82.9,72.19,10.71,standard,mixed
2027-06-27,Sunday,breakfast,0,1,sunny,104,128,39.17,34.81,4.36,standard,mixed
2027-06-28,Monday,lunch,0,0,cloudy,132,133,69.43,59.67,9.76,premium,grains
2027-06-29,Tuesday,lunch,0,0,sunny,142,148,70.58,59.21,11.37,standard,meat
2027-06-30,Wednesday,dinner,0,0,rainy,75,72,32.11,24.2,7.91,vegetarian,dairy
2027-07-01,Thursday,dinner,0,0,rainy,73,81,29.14,23.16,5.97,vegetarian,meat
2027-07-02,Friday,dinner,0,0,cloudy,89,108,51.57,47.9,3.67,premium,mixed
2027-07-03,Saturday,dinner,0,0,cloudy,119,117,54.25,46.98,7.27,standard,dairy
2027-07-04,Sunday,dinner,0,0,sunny,109,130,48.86,42.77,6.1,standard,grains
2027-07-05,Monday,dinner,0,0,sunny,94,87,45.87,37.27,8.6,standard,grains
2027-07-06,Tuesday,breakfast,0,0,cloudy,50,59,16.4,15.43,0.98,standard,mixed
2027-07-07,Wednesday,breakfast,0,0,sunny,77,83,29.97,23.58,6.39,standard,mixed
2027-07-08,Thursday,lunch,0,0,sunny,142,129,73.1,59.02,14.08,premium,grains
2027-07-09,Friday,lunch,0,0,sunny,125,128,61.14,51.28,9.86,standard,grains
2027-07-10,Saturday,breakfast,0,0,sunny,76,76,29.75,28.22,1.53,standard,dairy
2027-07-11,Sunday,dinner,0,0,sunny,127,117,61.86,54.93,6.93,standard,grains
2027-07-12,Monday,lunch,0,0,cloudy,125,129,66.43,56.0,10.43,premium,grains
2027-07-13,Tuesday,lunch,0,0,rainy,109,111,57.28,46.05,11.23,premium,mixed
2027-07-14,Wednesday,breakfast,0,0,cloudy,54,53,23.3,17.33,5.97,premium,mixed
2027-07-15,Thursday,lunch,0,0,rainy,100,99,45.13,37.09,8.04,vegetarian,mixed
2027-07-16,Friday,breakfast,0,0,sunny,61,60,23.59,20.28,3.31,premium,dairy
2027-07-17,Saturday,dinner,0,0,rainy,90,86,40.43,34.21,6.22,vegetarian,vegetables
2027-07-18,Sunday,lunch,0,0,cloudy,146,148,71.37,62.14,9.22,standard,mixed
2027-07-19,Monday,dinner,0,0,sunny,87,79,30.64,25.55,5.09,vegetarian,vegetables
2027-07-20,Tuesday,lunch,0,0,rainy,121,153,62.65,53.81,8.84,premium,vegetables
2027-07-21,Wednesday,lunch,0,0,sunny,119,102,59.53,48.74,10.79,standard,mixed
2027-07-22,Thursday,lunch,0,1,sunny,151,149,65.38,57.58,7.8,vegetarian,dairy
2027-07-23,Friday,dinner,0,0,sunny,110,104,48.61,40.32,8.29,standard,mixed
2027-07-24,Saturday,dinner,0,0,sunny,107,131,40.76,36.12,4.64,vegetarian,grains
2027-07-25,Sunday,breakfast,0,0,sunny,88,72,35.72,30.47,5.25,standard,mixed
2027-07-26,Monday,dinner,0,0,cloudy,72,77,36.74,31.48,5.26,vegetarian,meat
2027-07-27,Tuesday,breakfast,0,0,rainy,70,73,24.83,21.61,3.22,premium,dairy
2027-07-28,Wednesday,dinner,0,0,sunny,91,95,41.72,33.24,8.48,standard,mixed
2027-07-29,Thursday,breakfast,0,0,cloudy,68,83,20.92,16.43,4.48,standard,vegetables
2027-07-30,Friday,lunch,0,0,sunny,124,139,61.07,52.24,8.83,standard,dairy
2027-07-31,Saturday,dinner,0,0,rainy,105,100,52.66,40.81,11.85,standard,meat
2027-08-01,Sunday,breakfast,0,0,sunny,90,92,30.1,25.02,5.08,seasonal,dairy
2027-08-02,Monday,lunch,0,0,sunny,121,99,59.64,49.08,10.56,standard,mixed
2027-08-03,Tuesday,lunch,0,0,cloudy,129,130,61.67,54.44,7.24,standard,dairy
2027-08-04,Wednesday,breakfast,0,0,cloudy,54,44,22.34,19.02,3.32,standard,grains
2027-08-05,Thursday,dinner,0,0,cloudy,96,94,33.41,29.89,3.52,seasonal,grains
2027-08-06,Friday,dinner,0,1,cloudy,117,102,51.32,44.49,6.84,standard,mixed
2027-08-07,Saturday,dinner,0,0,cloudy,121,126,60.36,50.75,9.62,premium,mixed
2027-08-08,Sunday,lunch,0,0,sunny,141,121,68.52,57.34,11.17,standard,mixed
2027-08-09,Monday,lunch,0,0,sunny,125,127,65.09,56.53,8.57,standard,grains
2027-08-10,Tuesday,breakfast,0,0,sunny,51,36,19.93,18.49,1.44,vegetarian,vegetables
2027-08-11,Wednesday,breakfast,0,0,sunny,67,57,19.21,15.98,3.23,standard,dairy
2027-08-12,Thursday,breakfast,0,0,sunny,60,74,25.48,19.47,6.01,vegetarian,dairy
2027-08-13,Friday,dinner,0,0,sunny,91,98,36.68,28.81,7.87,standard,grains
2027-08-14,Saturday,dinner,0,0,sunny,123,137,65.37,55.8,9.56,premium,meat
2027-08-15,Sunday,dinner,0,0,cloudy,119,138,59.95,48.36,11.59,premium,grains
2027-08-16,Monday,lunch,0,0,sunny,128,119,68.89,60.75,8.14,premium,meat
2027-08-17,Tuesday,lunch,0,0,cloudy,119,137,58.27,51.27,7.01,standard,vegetables
2027-08-18,Wednesday,lunch,0,0,cloudy,120,102,65.9,54.11,11.79,premium,grains
2027-08-19,Thursday,lunch,0,0,sunny,144,153,72.63,60.59,12.04,seasonal,grains
2027-08-20,Friday,lunch,0,0,sunny,133,127,63.74,55.41,8.32,standard,mixed
2027-08-21,Saturday,breakfast,0,0,cloudy,82,71,28.0,21.88,6.12,standard,dairy
2027-08-22,Sunday,breakfast,0,0,cloudy,97,104,36.49,29.69,6.8,premium,mixed
2027-08-23,Monday,dinner,0,0,sunny,79,90,31.9,26.25,5.65,standard,meat
2027-08-24,Tuesday,lunch,0,0,sunny,100,111,44.55,38.43,6.12,vegetarian,vegetables
2027-08-25,Wednesday,dinner,0,0,cloudy,95,98,44.05,38.48,5.57,premium,vegetables
2027-08-26,Thursday,breakfast,0,0,cloudy,49,51,15.89,15.32,0.57,standard,meat
2027-08-27,Friday,lunch,0,0,sunny,118,124,56.76,50.08,6.67,vegetarian,vegetables
2027-08-28,Saturday,breakfast,0,0,sunny,82,86,26.6,22.7,3.9,vegetarian,dairy
2027-08-29,Sunday,lunch,0,0,rainy,137,143,74.42,62.91,11.51,standard,mixed
2027-08-30,Monday,breakfast,0,0,sunny,64,66,18.97,15.15,3.82,premium,mixed
2027-08-31,Tuesday,breakfast,0,0,rainy,53,63,19.96,13.79,6.16,standard,vegetables
2027-09-01,Wednesday,dinner,0,0,sunny,95,75,42.77,34.66,8.11,standard,meat
2027-09-02,Thursday,lunch,0,0,cloudy,131,129,74.5,61.99,12.5,premium,vegetables
2027-09-03,Friday,lunch,0,0,sunny,121,104,62.65,51.45,11.2,standard,grains
2027-09-04,Saturday,lunch,0,0,sunny,164,167,89.71,75.03,14.68,premium,dairy
2027-09-05,Sunday,lunch,0,0,rainy,129,149,65.02,53.66,11.35,standard,meat
2027-09-06,Monday,lunch,0,0,sunny,139,133,67.27,57.78,9.48,standard,dairy
2027-09-07,Tuesday,breakfast,0,1,rainy,74,81,27.74,26.03,1.71,standard,grains
2027-09-08,Wednesday,dinner,0,0,sunny,96,105,34.68,27.14,7.54,vegetarian,mixed
2027-09-09,Thursday,dinner,0,1,rainy,118,98,61.33,48.6,12.73,premium,mixed
2027-09-10,Friday,dinner,0,0,rainy,85,79,42.43,33.4,9.03,premium,meat
2027-09-11,Saturday,lunch,0,0,cloudy,145,149,71.04,61.76,9.28,seasonal,mixed
2027-09-12,Sunday,breakfast,0,0,sunny,78,43,24.26,19.64,4.63,vegetarian,vegetables
2027-09-13,Monday,dinner,0,0,cloudy,77,65,38.02,30.87,7.15,premium,dairy
2027-09-14,Tuesday,lunch,0,0,cloudy,90,103,46.19,40.82,5.37,vegetarian,mixed
2027-09-15,Wednesday,breakfast,0,0,rainy,60,72,30.7,26.9,3.8,seasonal,mixed
2027-09-16,Thursday,lunch,0,0,sunny,130,134,64.76,55.22,9.53,vegetarian,mixed
2027-09-17,Friday,dinner,0,0,sunny,118,129,57.3,47.99,9.32,premium,meat
2027-09-18,Saturday,lunch,0,0,sunny,145,148,74.39,63.81,10.57,standard,mixed
2027-09-19,Sunday,dinner,0,0,cloudy,100,107,47.02,39.88,7.14,standard,dairy
2027-09-20,Monday,dinner,0,0,rainy,85,81,39.72,32.09,7.64,premium,grains
2027-09-21,Tuesday,breakfast,0,0,sunny,65,66,18.97,15.37,3.6,standard,grains
2027-09-22,Wednesday,dinner,0,0,cloudy,82,74,36.71,32.36,4.35,standard,dairy
2027-09-23,Thursday,lunch,0,0,rainy,123,138,63.92,53.56,10.36,seasonal,meat
2027-09-24,Friday,lunch,0,0,sunny,143,161,66.66,59.18,7.49,standard,meat
2027-09-25,Saturday,breakfast,0,0,sunny,89,106,28.99,27.04,1.95,standard,mixed
2027-09-26,Sunday,dinner,0,0,cloudy,110,105,51.22,44.02,7.2,standard,dairy
2027-09-27,Monday,lunch,0,0,cloudy,110,99,55.13,45.61,9.51,standard,vegetables
2027-09-28,Tuesday,breakfast,0,0,sunny,72,87,27.29,25.08,2.21,vegetarian,vegetables
2027-09-29,Wednesday,lunch,0,0,rainy,111,118,51.27,43.02,8.24,seasonal,meat
2027-09-30,Thursday,breakfast,0,0,cloudy,58,62,27.36,27.25,0.11,seasonal,dairy
2027-10-01,Friday,breakfast,0,0,rainy,49,41,11.07,9.47,1.6,vegetarian,meat
2027-10-02,Saturday,lunch,0,0,rainy,120,125,50.31,42.5,7.81,vegetarian,meat
2027-10-03,Sunday,lunch,0,0,rainy,131,118,65.32,53.32,12.0,standard,dairy
2027-10-04,Monday,dinner,0,0,cloudy,86,94,39.6,33.76,5.83,premium,dairy
2027-10-05,Tuesday,lunch,0,0,sunny,134,151,66.88,57.37,9.51,standard,mixed
2027-10-06,Wednesday,dinner,0,0,cloudy,89,109,39.83,34.93,4.9,standard,grains
2027-10-07,Thursday,lunch,0,0,sunny,134,143,66.41,57.71,8.7,seasonal,dairy
2027-10-08,Friday,dinner,0,1,cloudy,126,114,60.47,53.76,6.71,premium,meat
2027-10-09,Saturday,lunch,0,0,sunny,144,146,73.3,62.88,10.41,standard,grains
2027-10-10,Sunday,lunch,0,1,cloudy,155,186,71.9,63.64,8.26,vegetarian,dairy
2027-10-11,Monday,dinner,0,0,sunny,101,91,48.76,40.57,8.19,standard,dairy
2027-10-12,Tuesday,lunch,0,0,sunny,118,117,58.46,47.66,10.8,standard,meat
2027-10-13,Wednesday,breakfast,0,0,sunny,61,78,18.46,18.43,0.03,standard,dairy
2027-10-14,Thursday,dinner,0,0,cloudy,90,97,35.44,29.51,5.93,standard,vegetables
2027-10-15,Friday,dinner,0,0,cloudy,86,116,35.6,32.57,3.03,vegetarian,vegetables
2027-10-16,Saturday,breakfast,0,1,sunny,101,97,31.54,27.76,3.79,standard,vegetables
2027-10-17,Sunday,lunch,0,0,rainy,123,111,53.76,44.02,9.74,vegetarian,vegetables
2027-10-18,Monday,dinner,0,0,rainy,86,101,40.28,33.34,6.94,standard,dairy
2027-10-19,Tuesday,dinner,0,0,sunny,92,78,36.07,29.07,7.0,seasonal,mixed
2027-10-20,Wednesday,dinner,0,0,cloudy,83,81,39.1,31.72,7.38,vegetarian,dairy
2027-10-21,Thursday,lunch,0,0,sunny,134,133,74.18,65.59,8.59,premium,grains
2027-10-22,Friday,dinner,0,0,sunny,94,106,42.17,36.42,5.75,standard,vegetables
2027-10-23,Saturday,lunch,0,0,cloudy,127,134,56.59,50.1,6.48,vegetarian,grains
2027-10-24,Sunday,dinner,0,0,sunny,123,128,63.79,56.56,7.24,premium,dairy
2027-10-25,Monday,lunch,0,0,rainy,118,113,58.99,47.52,11.47,standard,vegetables
2027-10-26,Tuesday,dinner,0,0,rainy,72,87,30.34,25.88,4.46,standard,meat
2027-10-27,Wednesday,lunch,0,0,rainy,107,155,54.1,46.51,7.59,standard,dairy
2027-10-28,Thursday,lunch,0,0,cloudy,109,117,49.45,40.61,8.84,standard,dairy
2027-10-29,Friday,dinner,0,0,cloudy,98,99,39.19,33.07,6.13,standard,vegetables
2027-10-30,Saturday,lunch,0,0,rainy,129,113,61.14,50.23,10.91,standard,vegetables
2027-10-31,Sunday,dinner,0,1,sunny,138,135,63.15,54.04,9.11,standard,dairy
2027-11-01,Monday,lunch,0,0,sunny,121,118,56.86,47.71,9.15,vegetarian,meat
2027-11-02,Tuesday,lunch,0,0,cloudy,110,104,58.15,48.89,9.26,standard,grains
2027-11-03,Wednesday,lunch,0,0,sunny,117,117,55.74,50.55,5.19,standard,mixed
2027-11-04,Thursday,lunch,0,0,sunny,108,129,52.48,42.74,9.74,vegetarian,meat
2027-11-05,Friday,lunch,0,0,sunny,116,131,57.66,50.45,7.2,standard,meat
2027-11-06,Saturday,breakfast,0,0,cloudy,91,89,29.02,24.24,4.78,standard,grains
2027-11-07,Sunday,breakfast,0,0,sunny,79,65,28.81,23.2,5.6,standard,vegetables
2027-11-08,Monday,dinner,0,0,sunny,99,115,44.35,37.85,6.5,standard,vegetables
2027-11-09,Tuesday,dinner,0,0,sunny,88,87,37.71,33.03,4.69,standard,vegetables
2027-11-10,Wednesday,dinner,0,0,sunny,101,80,45.58,39.06,6.52,standard,meat
2027-11-11,Thursday,breakfast,0,0,rainy,42,51,14.31,12.12,2.19,standard,meat
2027-11-12,Friday,lunch,0,0,sunny,125,137,62.04,54.97,7.07,seasonal,mixed
2027-11-13,Saturday,breakfast,0,0,cloudy,80,51,26.76,24.03,2.73,seasonal,mixed
2027-11-14,Sunday,dinner,0,0,cloudy,129,119,54.14,46.81,7.33,standard,vegetables
2027-11-15,Monday,dinner,0,0,sunny,100,99,45.22,37.59,7.64,standard,grains
2027-11-16,Tuesday,breakfast,0,0,rainy,45,54,13.34,11.78,1.56,standard,dairy
2027-11-17,Wednesday,dinner,0,0,cloudy,103,97,48.44,41.69,6.75,premium,mixed
2027-11-18,Thursday,breakfast,0,0,cloudy,85,75,33.28,26.8,6.48,premium,mixed
2027-11-19,Friday,lunch,0,0,sunny,112,121,58.2,47.54,10.67,standard,grains
2027-11-20,Saturday,breakfast,0,0,sunny,78,72,27.86,20.51,7.35,standard,vegetables
2027-11-21,Sunday,lunch,0,1,rainy,158,170,77.41,65.87,11.54,standard,grains
2027-11-22,Monday,dinner,0,0,cloudy,95,82,45.79,38.89,6.9,premium,mixed
2027-11-23,Tuesday,dinner,0,0,rainy,85,69,44.41,34.07,10.33,premium,meat
2027-11-24,Wednesday,breakfast,0,0,rainy,40,49,6.81,6.81,0.0,standard,meat
2027-11-25,Thursday,lunch,0,0,sunny,131,134,63.96,54.75,9.21,vegetarian,meat
2027-11-26,Friday,dinner,0,0,cloudy,79,90,29.93,27.73,2.2,standard,vegetables
2027-11-27,Saturday,dinner,0,0,sunny,108,102,41.11,35.31,5.81,vegetarian,meat
2027-11-28,Sunday,lunch,0,1,cloudy,178,173,87.46,74.14,13.32,seasonal,grains
2027-11-29,Monday,lunch,0,0,sunny,125,141,69.01,60.23,8.78,standard,meat
2027-11-30,Tuesday,lunch,0,0,sunny,117,99,63.53,54.09,9.44,standard,dairy
2027-12-01,Wednesday,lunch,0,0,cloudy,104,119,51.0,43.14,7.86,vegetarian,dairy
2027-12-02,Thursday,dinner,0,0,cloudy,88,104,40.67,32.93,7.74,standard,vegetables
2027-12-03,Friday,lunch,0,0,cloudy,122,132,61.51,52.93,8.58,premium,mixed
2027-12-04,Saturday,dinner,0,0,sunny,117,109,53.12,43.31,9.81,standard,dairy
2027-12-05,Sunday,breakfast,0,0,sunny,82,72,31.15,27.91,3.24,premium,grains
2027-12-06,Monday,lunch,0,0,rainy,117,114,56.05,45.22,10.83,standard,grains
2027-12-07,Tuesday,dinner,0,0,sunny,96,80,43.66,39.14,4.52,standard,meat
2027-12-08,Wednesday,lunch,0,0,sunny,127,115,62.09,48.99,13.1,standard,vegetables
2027-12-09,Thursday,lunch,0,0,cloudy,132,140,68.61,58.96,9.65,standard,grains
2027-12-10,Friday,dinner,0,0,sunny,91,99,35.14,32.24,2.9,standard,grains
2027-12-11,Saturday,dinner,0,0,cloudy,99,86,41.81,33.76,8.04,vegetarian,grains
2027-12-12,Sunday,lunch,0,0,sunny,141,149,67.86,57.88,9.98,standard,meat
2027-12-13,Monday,lunch,0,0,rainy,108,113,52.77,42.88,9.89,standard,meat
2027-12-14,Tuesday,lunch,0,0,rainy,109,127,55.41,45.21,10.2,standard,grains
2027-12-15,Wednesday,lunch,0,0,rainy,103,110,48.15,40.12,8.03,standard,dairy
2027-12-16,Thursday,lunch,0,0,cloudy,112,125,62.09,51.48,10.61,premium,vegetables
2027-12-17,Friday,breakfast,0,0,sunny,61,67,20.71,17.54,3.17,seasonal,vegetables
2027-12-18,Saturday,dinner,0,0,cloudy,113,125,48.87,42.78,6.09,standard,vegetables
2027-12-19,Sunday,dinner,0,0,rainy,109,94,53.09,42.57,10.52,premium,dairy
2027-12-20,Monday,dinner,0,0,cloudy,108,107,53.54,43.96,9.57,premium,mixed
2027-12-21,Tuesday,dinner,0,0,cloudy,106,106,45.4,40.13,5.26,seasonal,meat
2027-12-22,Wednesday,dinner,0,0,cloudy,96,93,43.22,37.73,5.49,standard,grains
2027-12-23,Thursday,dinner,0,0,cloudy,101,106,44.62,36.54,8.08,standard,vegetables
2027-12-24,Friday,dinner,0,0,cloudy,96,104,41.37,33.48,7.88,standard,grains
2027-12-25,Saturday,lunch,0,0,sunny,167,172,96.62,81.09,15.53,premium,mixed
2027-12-26,Sunday,lunch,0,0,sunny,168,166,93.65,80.27,13.38,premium,grains
2027-12-27,Monday,breakfast,0,1,cloudy,98,94,33.15,29.15,4.0,standard,mixed
2027-12-28,Tuesday,lunch,0,0,sunny,131,144,65.94,57.92,8.02,standard,meat
2027-12-29,Wednesday,lunch,0,0,rainy,116,120,60.72,49.5,11.22,premium,meat
2027-12-30,Thursday,lunch,0,0,cloudy,128,116,69.09,56.68,12.41,premium,mixed
2027-12-31,Friday,lunch,0,0,sunny,122,120,60.04,52.32,7.72,standard,grains
2028-01-01,Saturday,lunch,0,0,rainy,130,109,57.36,45.24,12.12,vegetarian,dairy
2028-01-02,Sunday,breakfast,0,0,cloudy,74,74,27.06,23.28,3.78,standard,grains
2028-01-03,Monday,dinner,0,0,cloudy,88,86,38.08,29.98,8.1,standard,mixed
2028-01-04,Tuesday,dinner,0,0,sunny,71,64,28.75,23.42,5.33,vegetarian,meat
2028-01-05,Wednesday,breakfast,0,0,rainy,72,91,27.09,24.14,2.95,premium,grains
2028-01-06,Thursday,breakfast,0,0,sunny,63,49,30.93,24.87,6.06,seasonal,mixed
2028-01-07,Friday,lunch,0,0,cloudy,124,132,60.01,52.62,7.4,standard,grains
2028-01-08,Saturday,dinner,0,0,sunny,127,153,50.94,40.87,10.08,standard,grains
2028-01-09,Sunday,dinner,0,0,cloudy,112,125,45.6,38.4,7.2,standard,dairy
2028-01-10,Monday,breakfast,0,0,cloudy,72,72,27.48,23.1,4.38,standard,meat
2028-01-11,Tuesday,dinner,0,0,cloudy,80,66,40.01,36.17,3.84,standard,mixed
2028-01-12,Wednesday,breakfast,0,0,sunny,84,68,27.35,21.15,6.21,standard,meat
2028-01-13,Thursday,lunch,0,0,rainy,119,114,63.34,52.69,10.65,standard,meat
2028-01-14,Friday,dinner,0,0,cloudy,92,84,43.62,38.39,5.24,standard,vegetables
2028-01-15,Saturday,breakfast,0,1,sunny,126,122,43.53,36.65,6.88,standard,grains
2028-01-16,Sunday,breakfast,0,1,rainy,99,100,38.82,32.08,6.74,premium,mixed
2028-01-17,Monday,lunch,0,0,cloudy,118,117,59.54,50.78,8.77,standard,grains
2028-01-18,Tuesday,lunch,0,0,rainy,117,123,57.62,45.3,12.32,vegetarian,meat
2028-01-19,Wednesday,dinner,0,0,rainy,65,50,30.44,23.91,6.53,seasonal,vegetables
2028-01-20,Thursday,dinner,0,0,rainy,79,71,31.15,27.26,3.89,vegetarian,vegetables
2028-01-21,Friday,breakfast,0,0,cloudy,64,62,21.88,19.34,2.53,standard,meat
2028-01-22,Saturday,breakfast,0,0,cloudy,96,94,39.54,33.31,6.23,standard,dairy
2028-01-23,Sunday,dinner,0,0,sunny,97,119,41.49,36.17,5.32,vegetarian,dairy
2028-01-24,Monday,lunch,0,0,cloudy,128,131,62.77,54.37,8.39,vegetarian,mixed
2028-01-25,Tuesday,dinner,0,0,cloudy,86,67,40.32,34.82,5.5,standard,vegetables
2028-01-26,Wednesday,dinner,0,0,cloudy,86,91,39.52,32.92,6.6,standard,meat
2028-01-27,Thursday,breakfast,0,0,rainy,35,42,11.53,11.53,0.0,vegetarian,grains
2028-01-28,Friday,dinner,0,0,sunny,86,84,41.39,37.09,4.3,standard,dairy
2028-01-29,Saturday,breakfast,0,0,sunny,83,68,28.72,25.08,3.64,vegetarian,vegetables
2028-01-30,Sunday,lunch,0,0,cloudy,131,152,66.29,56.2,10.09,standard,meat
2028-01-31,Monday,lunch,0,1,sunny,161,153,78.42,66.19,12.23,standard,grains
2028-02-01,Tuesday,lunch,0,0,sunny,128,136,71.56,60.79,10.77,premium,mixed
2028-02-02,Wednesday,dinner,0,0,sunny,85,87,38.05,32.49,5.56,standard,mixed
2028-02-03,Thursday,dinner,0,0,rainy,71,78,28.9,21.2,7.69,vegetarian,mixed
2028-02-04,Friday,dinner,0,0,sunny,98,118,52.14,45.89,6.24,standard,grains
2028-02-05,Saturday,dinner,0,0,sunny,113,120,46.23,41.49,4.74,standard,mixed
2028-02-06,Sunday,lunch,0,0,sunny,145,138,75.38,64.51,10.86,seasonal,vegetables
2028-02-07,Monday,breakfast,0,0,sunny,71,84,22.26,18.14,4.12,standard,vegetables
2028-02-08,Tuesday,dinner,0,0,sunny,104,96,47.19,38.62,8.57,standard,vegetables
2028-02-09,Wednesday,dinner,0,0,cloudy,88,90,47.31,40.74,6.57,seasonal,vegetables
2028-02-10,Thursday,lunch,0,0,cloudy,120,104,63.11,52.61,10.5,premium,meat
2028-02-11,Friday,lunch,0,0,sunny,121,109,54.7,46.63,8.07,vegetarian,vegetables
2028-02-12,Saturday,lunch,0,0,cloudy,144,145,71.95,62.12,9.83,standard,vegetables
2028-02-13,Sunday,breakfast,0,0,sunny,73,77,23.01,21.27,1.74,standard,dairy
2028-02-14,Monday,dinner,0,0,sunny,83,63,37.51,29.59,7.93,vegetarian,mixed
2028-02-15,Tuesday,lunch,0,0,rainy,104,110,50.4,41.9,8.5,standard,dairy
2028-02-16,Wednesday,dinner,0,0,cloudy,88,78,41.56,34.45,7.11,standard,meat
2028-02-17,Thursday,dinner,0,0,rainy,82,97,37.01,30.65,6.37,premium,grains
2028-02-18,Friday,dinner,0,0,sunny,101,97,40.03,35.19,4.84,standard,mixed
2028-02-19,Saturday,lunch,0,0,sunny,132,119,65.31,56.3,9.02,standard,grains
2028-02-20,Sunday,lunch,0,0,sunny,132,133,61.29,54.25,7.05,standard,vegetables
2028-02-21,Monday,dinner,0,0,sunny,92,81,45.95,39.3,6.66,standard,grains
2028-02-22,Tuesday,dinner,0,0,rainy,74,89,26.49,21.88,4.62,vegetarian,dairy
2028-02-23,Wednesday,lunch,0,0,sunny,121,121,63.44,53.54,9.89,premium,vegetables
2028-02-24,Thursday,dinner,0,0,rainy,75,73,34.99,26.03,8.96,standard,dairy
2028-02-25,Friday,breakfast,0,0,rainy,47,54,14.69,14.14,0.55,standard,vegetables
2028-02-26,Saturday,dinner,0,0,cloudy,102,90,38.28,31.69,6.59,vegetarian,meat
2028-02-27,Sunday,breakfast,0,0,sunny,86,71,36.22,31.11,5.11,standard,meat
2028-02-28,Monday,breakfast,0,0,cloudy,55,60,16.25,14.89,1.35,standard,grains
2028-02-29,Tuesday,lunch,0,0,sunny,137,124,67.91,55.15,12.76,seasonal,vegetables
2028-03-01,Wednesday,breakfast,0,0,cloudy,59,46,18.25,13.94,4.31,vegetarian,meat
2028-03-02,Thursday,breakfast,0,0,sunny,59,69,22.78,21.87,0.91,standard,meat
2028-03-03,Friday,breakfast,0,0,rainy,51,57,19.24,16.3,2.93,seasonal,grains
2028-03-04,Saturday,lunch,0,1,cloudy,171,161,83.02,70.69,12.33,standard,dairy
2028-03-05,Sunday,dinner,0,0,cloudy,120,113,53.02,44.58,8.44,seasonal,vegetables
2028-03-06,Monday,breakfast,0,0,cloudy,50,39,15.32,14.52,0.8,vegetarian,grains
2028-03-07,Tuesday,dinner,0,0,cloudy,91,112,40.47,36.48,3.99,vegetarian,grains
2028-03-08,Wednesday,dinner,0,0,rainy,80,91,32.5,24.73,7.76,seasonal,meat
2028-03-09,Thursday,breakfast,0,0,sunny,72,67,29.09,27.07,2.03,vegetarian,vegetables
2028-03-10,Friday,breakfast,0,0,rainy,60,67,18.72,16.91,1.82,standard,dairy
2028-03-11,Saturday,dinner,0,0,rainy,102,86,45.87,36.8,9.07,standard,vegetables
2028-03-12,Sunday,dinner,0,0,rainy,93,85,35.58,27.16,8.42,vegetarian,dairy
2028-03-13,Monday,lunch,0,0,sunny,124,125,54.39,47.85,6.53,vegetarian,vegetables
2028-03-14,Tuesday,dinner,0,0,rainy,79,84,32.93,27.85,5.08,standard,meat
2028-03-15,Wednesday,breakfast,0,0,sunny,86,85,31.49,24.55,6.94,premium,dairy
2028-03-16,Thursday,lunch,0,0,cloudy,116,119,53.28,45.07,8.21,vegetarian,vegetables
2028-03-17,Friday,dinner,0,0,sunny,92,93,38.46,37.41,1.05,standard,grains
2028-03-18,Saturday,lunch,0,0,sunny,141,139,72.59,61.61,10.98,standard,meat
2028-03-19,Sunday,dinner,0,0,sunny,105,101,44.9,36.91,7.99,standard,mixed
2028-03-20,Monday,lunch,0,0,sunny,129,124,61.82,50.79,11.03,standard,mixed
2028-03-21,Tuesday,dinner,0,0,sunny,88,91,38.42,35.41,3.01,standard,vegetables
2028-03-22,Wednesday,lunch,0,0,rainy,119,124,62.48,52.75,9.72,standard,dairy
2028-03-23,Thursday,lunch,0,0,sunny,115,117,58.14,51.63,6.52,standard,vegetables
2028-03-24,Friday,breakfast,0,0,cloudy,61,47,21.05,18.03,3.02,standard,grains
2028-03-25,Saturday,breakfast,0,0,sunny,89,77,24.18,22.2,1.98,vegetarian,dairy
2028-03-26,Sunday,dinner,0,0,cloudy,93,98,38.42,31.54,6.88,standard,meat
2028-03-27,Monday,breakfast,0,0,cloudy,76,94,22.76,19.92,2.84,seasonal,meat
2028-03-28,Tuesday,breakfast,0,0,sunny,62,64,25.62,22.25,3.37,seasonal,mixed
2028-03-29,Wednesday,breakfast,0,0,cloudy,56,51,19.51,18.58,0.93,vegetarian,vegetables
2028-03-30,Thursday,breakfast,0,0,rainy,55,58,16.67,14.18,2.48,seasonal,dairy
2028-03-31,Friday,dinner,0,0,rainy,94,80,45.31,35.71,9.6,premium,vegetables
2028-04-01,Saturday,lunch,0,1,sunny,177,198,86.02,76.38,9.64,standard,grains
2028-04-02,Sunday,dinner,0,0,sunny,131,133,62.84,51.0,11.84,premium,vegetables
2028-04-03,Monday,breakfast,0,0,cloudy,64,56,23.78,16.58,7.2,standard,mixed
2028-04-04,Tuesday,dinner,0,0,sunny,104,102,42.82,37.57,5.24,vegetarian,meat
2028-04-05,Wednesday,lunch,0,0,rainy,114,108,63.24,50.99,12.25,standard,grains
2028-04-06,Thursday,lunch,0,0,sunny,141,157,74.25,63.67,10.58,standard,dairy
2028-04-07,Friday,dinner,0,0,rainy,87,85,43.08,36.5,6.58,standard,mixed
2028-04-08,Saturday,dinner,0,0,sunny,101,103,47.46,42.52,4.95,seasonal,mixed
2028-04-09,Sunday,dinner,0,0,sunny,136,143,59.93,52.08,7.85,standard,meat
2028-04-10,Monday,breakfast,0,1,rainy,75,71,28.04,26.36,1.68,standard,vegetables
2028-04-11,Tuesday,breakfast,0,0,rainy,62,64,20.65,17.72,2.93,standard,meat
2028-04-12,Wednesday,dinner,0,0,rainy,80,83,40.89,34.08,6.81,standard,mixed
2028-04-13,Thursday,lunch,0,0,rainy,126,107,70.51,57.11,13.4,premium,mixed
2028-04-14,Friday,dinner,0,0,sunny,97,100,49.29,40.08,9.2,premium,mixed
